--   Script: All Data For Case Study Tables - INFO3104
--   8 tables of data

INSERT INTO Suppliers(SupplierID, CompanyName, ContactName, ContactTitle, Address, City, Region, PostalCode, Country, Phone, Fax, HomePage) VALUES (1, 'Exotic Liquids', 'Charlotte Cooper', 'Purchasing Manager', '49 Gilbert St.', 'London', '', 'EC1 4SD', 'UK', '(171) 555-2222', '', '');

INSERT INTO Suppliers(SupplierID, CompanyName, ContactName, ContactTitle, Address, City, Region, PostalCode, Country, Phone, Fax, HomePage) VALUES (2, 'New Orleans Cajun Delights', 'Shelley Burke', 'Order Administrator', 'P.O. Box 78934', 'New Orleans', 'LA', '70117', 'USA', '(100) 555-4822', '', ' CAJUN.HTM ');

INSERT INTO Suppliers(SupplierID, CompanyName, ContactName, ContactTitle, Address, City, Region, PostalCode, Country, Phone, Fax, HomePage) VALUES (3, 'Grandma Kelly''s Homestead', 'Regina Murphy', 'Sales Representative', '707 Oxford Rd.', 'Ann Arbor', 'MI', '48104', 'USA', '(313) 555-5735', '(313) 555-3349', '');

INSERT INTO Suppliers(SupplierID, CompanyName, ContactName, ContactTitle, Address, City, Region, PostalCode, Country, Phone, Fax, HomePage) VALUES (4, 'Tokyo Traders', 'Yoshi Nagase', 'Marketing Manager', '9-8 Sekimai Musashino-shi', 'Tokyo', '', '100', 'Japan', '(03) 3555-5011', '', '');

INSERT INTO Suppliers(SupplierID, CompanyName, ContactName, ContactTitle, Address, City, Region, PostalCode, Country, Phone, Fax, HomePage) VALUES (5, 'Cooperativa de Quesos ''Las Cabras''', 'Antonio del Valle Saavedra', 'Export Administrator', 'Calle del Rosal 4', 'Oviedo', 'Asturias', '33007', 'Spain', '(98) 598 76 54', '', '');

INSERT INTO Suppliers(SupplierID, CompanyName, ContactName, ContactTitle, Address, City, Region, PostalCode, Country, Phone, Fax, HomePage) VALUES (6, 'Mayumi''s', 'Mayumi Ohno', 'Marketing Representative', '92 Setsuko Chuo-ku', 'Osaka', '', '545', 'Japan', '(06) 431-7877', '', 'Mayumi''s (on the World Wide Web) http://www.microsoft.com/accessdev/sampleapps/mayumi.htm ');

INSERT INTO Suppliers(SupplierID, CompanyName, ContactName, ContactTitle, Address, City, Region, PostalCode, Country, Phone, Fax, HomePage) VALUES (7, 'Pavlova, Ltd.', 'Ian Devling', 'Manager Sales', '74 Rose St. Moonie Ponds', 'Melbourne', 'Victoria', '3058', 'Australia', '(03) 444-2343', '(03) 444-6588', '');

INSERT INTO Suppliers(SupplierID, CompanyName, ContactName, ContactTitle, Address, City, Region, PostalCode, Country, Phone, Fax, HomePage) VALUES (8, 'Specialty Biscuits, Ltd.', 'Peter Wilson', 'Sales Representative', '29 King''s Way', 'Manchester', '', 'M14 GSD', 'UK', '(161) 555-4448', '', '');

INSERT INTO Suppliers(SupplierID, CompanyName, ContactName, ContactTitle, Address, City, Region, PostalCode, Country, Phone, Fax, HomePage) VALUES (9, 'PB Knaebrad AB', 'Lars Peterson', 'Sales Agent', 'Kaloadagatan 13', 'Gateborg', '', 'S-345 67', 'Sweden', '031-987 65 43', '031-987 65 91', '');

INSERT INTO Suppliers(SupplierID, CompanyName, ContactName, ContactTitle, Address, City, Region, PostalCode, Country, Phone, Fax, HomePage) VALUES (10, 'Refrescos Americanas LTDA', 'Carlos Diaz', 'Marketing Manager', 'Av. das Americanas 12.890', 'Sao Paulo', '', '5442', 'Brazil', '(11) 555 4640', '', '');

INSERT INTO Suppliers(SupplierID, CompanyName, ContactName, ContactTitle, Address, City, Region, PostalCode, Country, Phone, Fax, HomePage) VALUES (11, 'Heli Saaaren GmbH Co. KG', 'Petra Winkler', 'Sales Manager', 'Tiergartenstraa 5', 'Berlin', '', '10785', 'Germany', '(010) 9984510', '', '');

INSERT INTO Suppliers(SupplierID, CompanyName, ContactName, ContactTitle, Address, City, Region, PostalCode, Country, Phone, Fax, HomePage) VALUES (12, 'Plutzer Lebensmittelgroaate AG', 'Martin Bein', 'International Marketing Mgr.', 'Bogenallee 51', 'Frankfurt', '', '60439', 'Germany', '(069) 992755', '', 'Plutzer (on the World Wide Web) http://www.microsoft.com/accessdev/sampleapps/plutzer.htm ');

INSERT INTO Suppliers(SupplierID, CompanyName, ContactName, ContactTitle, Address, City, Region, PostalCode, Country, Phone, Fax, HomePage) VALUES (13, 'Nord-Ost-Fisch Handelsgesellschaft mbH', 'Sven Petersen', 'Coordinator Foreign Markets', 'Frahmredder 112a', 'Cuxhaven', '', '27478', 'Germany', '(04721) 8713', '(04721) 8714', '');

INSERT INTO Suppliers(SupplierID, CompanyName, ContactName, ContactTitle, Address, City, Region, PostalCode, Country, Phone, Fax, HomePage) VALUES (14, 'Formaggi Fortini s.r.l.', 'Elio Rossi', 'Sales Representative', 'Viale Dante, 75', 'Ravenna', '', '48100', 'Italy', '(0544) 60323', '(0544) 60603', ' FORMAGGI.HTM ');

INSERT INTO Suppliers(SupplierID, CompanyName, ContactName, ContactTitle, Address, City, Region, PostalCode, Country, Phone, Fax, HomePage) VALUES (15, 'Norske Meierier', 'Beate Vileid', 'Marketing Manager', 'Hatlevegen 5', 'Sandvika', '', '1320', 'Norway', '(0)2-953010', '', '');

INSERT INTO Suppliers(SupplierID, CompanyName, ContactName, ContactTitle, Address, City, Region, PostalCode, Country, Phone, Fax, HomePage) VALUES (16, 'Bigfoot Breweries', 'Cheryl Saylor', 'Regional Account Rep.', '3400 - 8th Avenue Suite 210', 'Bend', 'OR', '97101', 'USA', '(503) 555-9931', '', '');

INSERT INTO Suppliers(SupplierID, CompanyName, ContactName, ContactTitle, Address, City, Region, PostalCode, Country, Phone, Fax, HomePage) VALUES (17, 'Svensk Sjafada AB', 'Michael Bjarn', 'Sales Representative', 'Brovallavan 231', 'Stockholm', '', 'S-123 45', 'Sweden', '08-123 45 67', '', '');

INSERT INTO Suppliers(SupplierID, CompanyName, ContactName, ContactTitle, Address, City, Region, PostalCode, Country, Phone, Fax, HomePage) VALUES (18, 'Aux joyeux ecclaastiques', 'Guyla Nodier', 'Sales Manager', '203, Rue des Francs-Bourgeois', 'Paris', '', '75004', 'France', '(1) 03.83.00.68', '(1) 03.83.00.62', '');

INSERT INTO Suppliers(SupplierID, CompanyName, ContactName, ContactTitle, Address, City, Region, PostalCode, Country, Phone, Fax, HomePage) VALUES (19, 'New England Seafood Cannery', 'Robb Merchant', 'Wholesale Account Agent', 'Order Processing Dept. 2100 Paul Revere Blvd.', 'Boston', 'MA', '02134', 'USA', '(617) 555-3267', '(617) 555-3389', '');

INSERT INTO Suppliers(SupplierID, CompanyName, ContactName, ContactTitle, Address, City, Region, PostalCode, Country, Phone, Fax, HomePage) VALUES (20, 'Leka Trading', 'Chandra Leka', 'Owner', '471 Serangoon Loop, Suite #402', 'Singapore', '', '0512', 'Singapore', '555-8787', '', '');

INSERT INTO Suppliers(SupplierID, CompanyName, ContactName, ContactTitle, Address, City, Region, PostalCode, Country, Phone, Fax, HomePage) VALUES (21, 'Lyngbysild', 'Niels Petersen', 'Sales Manager', 'Lyngbysild Fiskebakken 10', 'Lyngby', '', '2800', 'Denmark', '43844108', '43844115', '');

INSERT INTO Suppliers(SupplierID, CompanyName, ContactName, ContactTitle, Address, City, Region, PostalCode, Country, Phone, Fax, HomePage) VALUES (22, 'Zaanse Snoepfabriek', 'Dirk Luchte', 'Accounting Manager', 'Verkoop Rijnweg 22', 'Zaandam', '', '9999 ZZ', 'Netherlands', '(12345) 1212', '(12345) 1210', '');

INSERT INTO Suppliers(SupplierID, CompanyName, ContactName, ContactTitle, Address, City, Region, PostalCode, Country, Phone, Fax, HomePage) VALUES (23, 'Karkki Oy', 'Anne Heikkonen', 'Product Manager', 'Valtakatu 12', 'Lappeenranta', '', '53120', 'Finland', '(953) 10956', '', '');

INSERT INTO Suppliers(SupplierID, CompanyName, ContactName, ContactTitle, Address, City, Region, PostalCode, Country, Phone, Fax, HomePage) VALUES (24, 'G''day, Mate', 'Wendy Mackenzie', 'Sales Representative', '170 Prince Edward Parade Hunter''s Hill', 'Sydney', 'NSW', '2042', 'Australia', '(02) 555-5914', '(02) 555-4873', 'G''day Mate (on the World Wide Web) http://www.microsoft.com/accessdev/sampleapps/gdaymate.htm ');

INSERT INTO Suppliers(SupplierID, CompanyName, ContactName, ContactTitle, Address, City, Region, PostalCode, Country, Phone, Fax, HomePage) VALUES (25, 'Ma Maison', 'Jean-Guy Lauzon', 'Marketing Manager', '2960 Rue St. Laurent', 'Montra', 'Quac', 'H1J 1C3', 'Canada', '(514) 555-9022', '', '');

INSERT INTO Suppliers(SupplierID, CompanyName, ContactName, ContactTitle, Address, City, Region, PostalCode, Country, Phone, Fax, HomePage) VALUES (26, 'Pasta Buttini s.r.l.', 'Giovanni Giudici', 'Order Administrator', 'Via dei Gelsomini, 153', 'Salerno', '', '84100', 'Italy', '(089) 6547665', '(089) 6547667', '');

INSERT INTO Suppliers(SupplierID, CompanyName, ContactName, ContactTitle, Address, City, Region, PostalCode, Country, Phone, Fax, HomePage) VALUES (27, 'Escargots Nouveaux', 'Marie Delamare', 'Sales Manager', '22, rue H. Voiron', 'Montceau', '', '71300', 'France', '85.57.00.07', '', '');

INSERT INTO Suppliers(SupplierID, CompanyName, ContactName, ContactTitle, Address, City, Region, PostalCode, Country, Phone, Fax, HomePage) VALUES (28, 'Gai parage', 'Eliane Noz', 'Sales Representative', 'Bat. B 3, rue des Alpes', 'Annecy', '', '74000', 'France', '38.76.98.06', '38.76.98.58', '');

INSERT INTO Suppliers(SupplierID, CompanyName, ContactName, ContactTitle, Address, City, Region, PostalCode, Country, Phone, Fax, HomePage) VALUES (29, 'Fora d''ables', 'Chantal Goulet', 'Accounting Manager', '148 rue Chasseur', 'Ste-Hyacinthe', 'Quac', 'J2S 7S8', 'Canada', '(514) 555-2955', '(514) 555-2921', '');

INSERT INTO Shippers(ShipperID, CompanyName, Phone) VALUES (1, 'Speedy Express', '(503) 555-9831');

INSERT INTO Shippers(ShipperID, CompanyName, Phone) VALUES (2, 'United Package', '(503) 555-3199');

INSERT INTO Shippers(ShipperID, CompanyName, Phone) VALUES (3, 'Federal Shipping', '(503) 555-9931');

INSERT INTO Categories(CategoryID, CategoryName, CategoryCode, Description) VALUES (1, 'Beverages', 100, 'Soft drinks, coffees, teas, beers, and ales');

INSERT INTO Categories(CategoryID, CategoryName, CategoryCode, Description) VALUES (2, 'Condiments', 200, 'Sweet and savory sauces, relishes, spreads, and seasonings');

INSERT INTO Categories(CategoryID, CategoryName, CategoryCode, Description) VALUES (3, 'Confections', 300, 'Desserts, candies, and sweet breads');

INSERT INTO Categories(CategoryID, CategoryName, CategoryCode, Description) VALUES (4, 'Dairy Products', 400, 'Cheeses');

INSERT INTO Categories(CategoryID, CategoryName, CategoryCode, Description) VALUES (5, 'Grains/Cereals', 500, 'Breads, crackers, pasta, and cereal');

INSERT INTO Categories(CategoryID, CategoryName, CategoryCode, Description) VALUES (6, 'Meat/Poultry', 600, 'Prepared meats');

INSERT INTO Categories(CategoryID, CategoryName, CategoryCode, Description) VALUES (7, 'Produce', 700, 'Dried fruit and bean curd');

INSERT INTO Categories(CategoryID, CategoryName, CategoryCode, Description) VALUES (8, 'Seafood', 800, 'Seaweed and fish');

INSERT INTO Products(ProductID, ProductName, SupplierID, CategoryID, QuantityPerUnit, UnitPrice, UnitsInStock, UnitsOnOrder, ReorderLevel, Discontinued) VALUES (1, 'Chai', 1, 1, 10, 18.0000, 39, 0, 10, 0);

INSERT INTO Products(ProductID, ProductName, SupplierID, CategoryID, QuantityPerUnit, UnitPrice, UnitsInStock, UnitsOnOrder, ReorderLevel, Discontinued) VALUES (2, 'Chang', 1, 1, 24, 19.0000, 17, 40, 25, 0);

INSERT INTO Products(ProductID, ProductName, SupplierID, CategoryID, QuantityPerUnit, UnitPrice, UnitsInStock, UnitsOnOrder, ReorderLevel, Discontinued) VALUES (3, 'Aniseed Syrup', 1, 2, 12, 10.0000, 13, 70, 25, 0);

INSERT INTO Products(ProductID, ProductName, SupplierID, CategoryID, QuantityPerUnit, UnitPrice, UnitsInStock, UnitsOnOrder, ReorderLevel, Discontinued) VALUES (4, 'Chef Anton''s Cajun Seasoning', 2, 2, 48, 22.0000, 53, 0, 0, 0);

INSERT INTO Products(ProductID, ProductName, SupplierID, CategoryID, QuantityPerUnit, UnitPrice, UnitsInStock, UnitsOnOrder, ReorderLevel, Discontinued) VALUES (5, 'Chef Anton''s Gumbo Mix', 2, 2, 36, 21.3500, 0, 0, 0, 1);

INSERT INTO Products(ProductID, ProductName, SupplierID, CategoryID, QuantityPerUnit, UnitPrice, UnitsInStock, UnitsOnOrder, ReorderLevel, Discontinued) VALUES (6, 'Grandma''s Boysenberry Spread', 3, 2, 12, 25.0000, 120, 0, 25, 0);

INSERT INTO Products(ProductID, ProductName, SupplierID, CategoryID, QuantityPerUnit, UnitPrice, UnitsInStock, UnitsOnOrder, ReorderLevel, Discontinued) VALUES (7, 'Uncle Bob''s Organic Dried Pears', 3, 7, 12, 30.0000, 15, 0, 10, 0);

INSERT INTO Products(ProductID, ProductName, SupplierID, CategoryID, QuantityPerUnit, UnitPrice, UnitsInStock, UnitsOnOrder, ReorderLevel, Discontinued) VALUES (8, 'Northwoods Cranberry Sauce', 3, 2, 12, 40.0000, 6, 0, 0, 0);

INSERT INTO Products(ProductID, ProductName, SupplierID, CategoryID, QuantityPerUnit, UnitPrice, UnitsInStock, UnitsOnOrder, ReorderLevel, Discontinued) VALUES (9, 'Mishi Kobe Niku', 4, 6, 18, 97.0000, 29, 0, 0, 1);

INSERT INTO Products(ProductID, ProductName, SupplierID, CategoryID, QuantityPerUnit, UnitPrice, UnitsInStock, UnitsOnOrder, ReorderLevel, Discontinued) VALUES (10, 'Ikura', 4, 8, 12, 31.0000, 31, 0, 0, 0);

INSERT INTO Products(ProductID, ProductName, SupplierID, CategoryID, QuantityPerUnit, UnitPrice, UnitsInStock, UnitsOnOrder, ReorderLevel, Discontinued) VALUES (11, 'Queso Cabrales', 5, 4, 1, 21.0000, 22, 30, 30, 0);

INSERT INTO Products(ProductID, ProductName, SupplierID, CategoryID, QuantityPerUnit, UnitPrice, UnitsInStock, UnitsOnOrder, ReorderLevel, Discontinued) VALUES (12, 'Queso Manchego La Pastora', 5, 4, 10, 38.0000, 86, 0, 0, 0);

INSERT INTO Products(ProductID, ProductName, SupplierID, CategoryID, QuantityPerUnit, UnitPrice, UnitsInStock, UnitsOnOrder, ReorderLevel, Discontinued) VALUES (13, 'Konbu', 6, 8, 2, 6.0000, 24, 0, 5, 0);

INSERT INTO Products(ProductID, ProductName, SupplierID, CategoryID, QuantityPerUnit, UnitPrice, UnitsInStock, UnitsOnOrder, ReorderLevel, Discontinued) VALUES (14, 'Tofu', 6, 7, 40, 23.2500, 35, 0, 0, 0);

INSERT INTO Products(ProductID, ProductName, SupplierID, CategoryID, QuantityPerUnit, UnitPrice, UnitsInStock, UnitsOnOrder, ReorderLevel, Discontinued) VALUES (15, 'Genen Shouyu', 6, 2, 24, 15.5000, 39, 0, 5, 0);

INSERT INTO Products(ProductID, ProductName, SupplierID, CategoryID, QuantityPerUnit, UnitPrice, UnitsInStock, UnitsOnOrder, ReorderLevel, Discontinued) VALUES (16, 'Pavlova', 7, 3, 32, 17.4500, 29, 0, 10, 0);

INSERT INTO Products(ProductID, ProductName, SupplierID, CategoryID, QuantityPerUnit, UnitPrice, UnitsInStock, UnitsOnOrder, ReorderLevel, Discontinued) VALUES (17, 'Alice Mutton', 7, 6, 20, 39.0000, 0, 0, 0, 1);

INSERT INTO Products(ProductID, ProductName, SupplierID, CategoryID, QuantityPerUnit, UnitPrice, UnitsInStock, UnitsOnOrder, ReorderLevel, Discontinued) VALUES (18, 'Carnarvon Tigers', 7, 8, 16, 62.5000, 42, 0, 0, 0);

INSERT INTO Products(ProductID, ProductName, SupplierID, CategoryID, QuantityPerUnit, UnitPrice, UnitsInStock, UnitsOnOrder, ReorderLevel, Discontinued) VALUES (19, 'Teatime Chocolate Biscuits', 8, 3, 10, 9.2000, 25, 0, 5, 0);

INSERT INTO Products(ProductID, ProductName, SupplierID, CategoryID, QuantityPerUnit, UnitPrice, UnitsInStock, UnitsOnOrder, ReorderLevel, Discontinued) VALUES (20, 'Sir Rodney''s Marmalade', 8, 3, 30, 81.0000, 40, 0, 0, 0);

INSERT INTO Products(ProductID, ProductName, SupplierID, CategoryID, QuantityPerUnit, UnitPrice, UnitsInStock, UnitsOnOrder, ReorderLevel, Discontinued) VALUES (21, 'Sir Rodney''s Scones', 8, 3, 24, 10.0000, 3, 40, 5, 0);

INSERT INTO Products(ProductID, ProductName, SupplierID, CategoryID, QuantityPerUnit, UnitPrice, UnitsInStock, UnitsOnOrder, ReorderLevel, Discontinued) VALUES (22, 'Gustaf''s Knaebrad', 9, 5, 24, 21.0000, 104, 0, 25, 0);

INSERT INTO Products(ProductID, ProductName, SupplierID, CategoryID, QuantityPerUnit, UnitPrice, UnitsInStock, UnitsOnOrder, ReorderLevel, Discontinued) VALUES (23, 'Tunnbrad', 9, 5, 12, 9.0000, 61, 0, 25, 0);

INSERT INTO Products(ProductID, ProductName, SupplierID, CategoryID, QuantityPerUnit, UnitPrice, UnitsInStock, UnitsOnOrder, ReorderLevel, Discontinued) VALUES (24, 'Guaranaantaica', 10, 1, 12, 4.5000, 20, 0, 0, 1);

INSERT INTO Products(ProductID, ProductName, SupplierID, CategoryID, QuantityPerUnit, UnitPrice, UnitsInStock, UnitsOnOrder, ReorderLevel, Discontinued) VALUES (25, 'NuNuCa NuaNougat-Creme', 11, 3, 20, 14.0000, 76, 0, 30, 0);

INSERT INTO Products(ProductID, ProductName, SupplierID, CategoryID, QuantityPerUnit, UnitPrice, UnitsInStock, UnitsOnOrder, ReorderLevel, Discontinued) VALUES (26, 'GumbaGummibahen', 11, 3, 100, 31.2300, 15, 0, 0, 0);

INSERT INTO Products(ProductID, ProductName, SupplierID, CategoryID, QuantityPerUnit, UnitPrice, UnitsInStock, UnitsOnOrder, ReorderLevel, Discontinued) VALUES (27, 'Schoggi Schokolade', 11, 3, 100, 43.9000, 49, 0, 30, 0);

INSERT INTO Products(ProductID, ProductName, SupplierID, CategoryID, QuantityPerUnit, UnitPrice, UnitsInStock, UnitsOnOrder, ReorderLevel, Discontinued) VALUES (28, 'Rassle Sauerkraut', 12, 7, 25, 45.6000, 26, 0, 0, 1);

INSERT INTO Products(ProductID, ProductName, SupplierID, CategoryID, QuantityPerUnit, UnitPrice, UnitsInStock, UnitsOnOrder, ReorderLevel, Discontinued) VALUES (29, 'Tharinger Rostbratwurst', 12, 6, 50, 123.7900, 0, 0, 0, 1);

INSERT INTO Products(ProductID, ProductName, SupplierID, CategoryID, QuantityPerUnit, UnitPrice, UnitsInStock, UnitsOnOrder, ReorderLevel, Discontinued) VALUES (30, 'Nord-Ost Matjeshering', 13, 8, 10, 25.8900, 10, 0, 15, 0);

INSERT INTO Products(ProductID, ProductName, SupplierID, CategoryID, QuantityPerUnit, UnitPrice, UnitsInStock, UnitsOnOrder, ReorderLevel, Discontinued) VALUES (31, 'Gorgonzola Telino', 14, 4, 12, 12.5000, 0, 70, 20, 0);

INSERT INTO Products(ProductID, ProductName, SupplierID, CategoryID, QuantityPerUnit, UnitPrice, UnitsInStock, UnitsOnOrder, ReorderLevel, Discontinued) VALUES (32, 'Mascarpone Fabioli', 14, 4, 24, 32.0000, 9, 40, 25, 0);

INSERT INTO Products(ProductID, ProductName, SupplierID, CategoryID, QuantityPerUnit, UnitPrice, UnitsInStock, UnitsOnOrder, ReorderLevel, Discontinued) VALUES (33, 'Geitost', 15, 4, 500, 2.5000, 112, 0, 20, 0);

INSERT INTO Products(ProductID, ProductName, SupplierID, CategoryID, QuantityPerUnit, UnitPrice, UnitsInStock, UnitsOnOrder, ReorderLevel, Discontinued) VALUES (34, 'Sasquatch Ale', 16, 1, 24, 14.0000, 111, 0, 15, 0);

INSERT INTO Products(ProductID, ProductName, SupplierID, CategoryID, QuantityPerUnit, UnitPrice, UnitsInStock, UnitsOnOrder, ReorderLevel, Discontinued) VALUES (35, 'Steeleye Stout', 16, 1, 24, 18.0000, 20, 0, 15, 0);

INSERT INTO Products(ProductID, ProductName, SupplierID, CategoryID, QuantityPerUnit, UnitPrice, UnitsInStock, UnitsOnOrder, ReorderLevel, Discontinued) VALUES (36, 'Inlagd Sill', 17, 8, 24, 19.0000, 112, 0, 20, 0);

INSERT INTO Products(ProductID, ProductName, SupplierID, CategoryID, QuantityPerUnit, UnitPrice, UnitsInStock, UnitsOnOrder, ReorderLevel, Discontinued) VALUES (37, 'Gravad lax', 17, 8, 12, 26.0000, 11, 50, 25, 0);

INSERT INTO Products(ProductID, ProductName, SupplierID, CategoryID, QuantityPerUnit, UnitPrice, UnitsInStock, UnitsOnOrder, ReorderLevel, Discontinued) VALUES (38, 'Cade Blaye', 18, 1, 12, 263.5000, 17, 0, 15, 0);

INSERT INTO Products(ProductID, ProductName, SupplierID, CategoryID, QuantityPerUnit, UnitPrice, UnitsInStock, UnitsOnOrder, ReorderLevel, Discontinued) VALUES (39, 'Chartreuse verte', 18, 1, 75, 18.0000, 69, 0, 5, 0);

INSERT INTO Products(ProductID, ProductName, SupplierID, CategoryID, QuantityPerUnit, UnitPrice, UnitsInStock, UnitsOnOrder, ReorderLevel, Discontinued) VALUES (40, 'Boston Crab Meat', 19, 8, 24, 18.4000, 123, 0, 30, 0);

INSERT INTO Products(ProductID, ProductName, SupplierID, CategoryID, QuantityPerUnit, UnitPrice, UnitsInStock, UnitsOnOrder, ReorderLevel, Discontinued) VALUES (41, 'Jack''s New England Clam Chowder', 19, 8, 12, 9.6500, 85, 0, 10, 0);

INSERT INTO Products(ProductID, ProductName, SupplierID, CategoryID, QuantityPerUnit, UnitPrice, UnitsInStock, UnitsOnOrder, ReorderLevel, Discontinued) VALUES (42, 'Singaporean Hokkien Fried Mee', 20, 5, 32, 14.0000, 26, 0, 0, 1);

INSERT INTO Products(ProductID, ProductName, SupplierID, CategoryID, QuantityPerUnit, UnitPrice, UnitsInStock, UnitsOnOrder, ReorderLevel, Discontinued) VALUES (43, 'Ipoh Coffee', 20, 1, 16, 46.0000, 17, 10, 25, 0);

INSERT INTO Products(ProductID, ProductName, SupplierID, CategoryID, QuantityPerUnit, UnitPrice, UnitsInStock, UnitsOnOrder, ReorderLevel, Discontinued) VALUES (44, 'Gula Malacca', 20, 2, 20, 19.4500, 27, 0, 15, 0);

INSERT INTO Products(ProductID, ProductName, SupplierID, CategoryID, QuantityPerUnit, UnitPrice, UnitsInStock, UnitsOnOrder, ReorderLevel, Discontinued) VALUES (45, 'Rogede sild', 21, 8, 12, 9.5000, 5, 70, 15, 0);

INSERT INTO Products(ProductID, ProductName, SupplierID, CategoryID, QuantityPerUnit, UnitPrice, UnitsInStock, UnitsOnOrder, ReorderLevel, Discontinued) VALUES (46, 'Spegesild', 21, 8, 4, 12.0000, 95, 0, 0, 0);

INSERT INTO Products(ProductID, ProductName, SupplierID, CategoryID, QuantityPerUnit, UnitPrice, UnitsInStock, UnitsOnOrder, ReorderLevel, Discontinued) VALUES (47, 'Zaanse koeken', 22, 3, 10, 9.5000, 36, 0, 0, 0);

INSERT INTO Products(ProductID, ProductName, SupplierID, CategoryID, QuantityPerUnit, UnitPrice, UnitsInStock, UnitsOnOrder, ReorderLevel, Discontinued) VALUES (48, 'Chocolade', 22, 3, 10, 12.7500, 15, 70, 25, 0);

INSERT INTO Products(ProductID, ProductName, SupplierID, CategoryID, QuantityPerUnit, UnitPrice, UnitsInStock, UnitsOnOrder, ReorderLevel, Discontinued) VALUES (49, 'Maxilaku', 23, 3, 24, 20.0000, 10, 60, 15, 0);

INSERT INTO Products(ProductID, ProductName, SupplierID, CategoryID, QuantityPerUnit, UnitPrice, UnitsInStock, UnitsOnOrder, ReorderLevel, Discontinued) VALUES (50, 'Valkoinen suklaa', 23, 3, 112, 16.2500, 65, 0, 30, 0);

INSERT INTO Products(ProductID, ProductName, SupplierID, CategoryID, QuantityPerUnit, UnitPrice, UnitsInStock, UnitsOnOrder, ReorderLevel, Discontinued) VALUES (51, 'Manjimup Dried Apples', 24, 7, 50, 53.0000, 20, 0, 10, 0);

INSERT INTO Products(ProductID, ProductName, SupplierID, CategoryID, QuantityPerUnit, UnitPrice, UnitsInStock, UnitsOnOrder, ReorderLevel, Discontinued) VALUES (52, 'Filo Mix', 24, 5, 16, 7.0000, 38, 0, 25, 0);

INSERT INTO Products(ProductID, ProductName, SupplierID, CategoryID, QuantityPerUnit, UnitPrice, UnitsInStock, UnitsOnOrder, ReorderLevel, Discontinued) VALUES (53, 'Perth Pasties', 24, 6, 48, 32.8000, 0, 0, 0, 1);

INSERT INTO Products(ProductID, ProductName, SupplierID, CategoryID, QuantityPerUnit, UnitPrice, UnitsInStock, UnitsOnOrder, ReorderLevel, Discontinued) VALUES (54, 'Tourtia', 25, 6, 16, 7.4500, 21, 0, 10, 0);

INSERT INTO Products(ProductID, ProductName, SupplierID, CategoryID, QuantityPerUnit, UnitPrice, UnitsInStock, UnitsOnOrder, ReorderLevel, Discontinued) VALUES (55, 'Pa chinois', 25, 6, 24, 24.0000, 115, 0, 20, 0);

INSERT INTO Products(ProductID, ProductName, SupplierID, CategoryID, QuantityPerUnit, UnitPrice, UnitsInStock, UnitsOnOrder, ReorderLevel, Discontinued) VALUES (56, 'Gnocchi di nonna Alice', 26, 5, 24, 38.0000, 21, 10, 30, 0);

INSERT INTO Products(ProductID, ProductName, SupplierID, CategoryID, QuantityPerUnit, UnitPrice, UnitsInStock, UnitsOnOrder, ReorderLevel, Discontinued) VALUES (57, 'Ravioli Angelo', 26, 5, 24, 19.5000, 36, 0, 20, 0);

INSERT INTO Products(ProductID, ProductName, SupplierID, CategoryID, QuantityPerUnit, UnitPrice, UnitsInStock, UnitsOnOrder, ReorderLevel, Discontinued) VALUES (58, 'Escargots de Bourgogne', 27, 8, 24, 13.2500, 62, 0, 20, 0);

INSERT INTO Products(ProductID, ProductName, SupplierID, CategoryID, QuantityPerUnit, UnitPrice, UnitsInStock, UnitsOnOrder, ReorderLevel, Discontinued) VALUES (59, 'Raclette Courdavault', 28, 4, 5, 55.0000, 79, 0, 0, 0);

INSERT INTO Products(ProductID, ProductName, SupplierID, CategoryID, QuantityPerUnit, UnitPrice, UnitsInStock, UnitsOnOrder, ReorderLevel, Discontinued) VALUES (60, 'Camembert Pierrot', 28, 4, 15, 34.0000, 19, 0, 0, 0);

INSERT INTO Products(ProductID, ProductName, SupplierID, CategoryID, QuantityPerUnit, UnitPrice, UnitsInStock, UnitsOnOrder, ReorderLevel, Discontinued) VALUES (61, 'Sirop d''able', 29, 2, 24, 28.5000, 113, 0, 25, 0);

INSERT INTO Products(ProductID, ProductName, SupplierID, CategoryID, QuantityPerUnit, UnitPrice, UnitsInStock, UnitsOnOrder, ReorderLevel, Discontinued) VALUES (62, 'Tarte au sucre', 29, 3, 48, 49.3000, 17, 0, 0, 0);

INSERT INTO Products(ProductID, ProductName, SupplierID, CategoryID, QuantityPerUnit, UnitPrice, UnitsInStock, UnitsOnOrder, ReorderLevel, Discontinued) VALUES (63, 'Vegie-spread', 7, 2, 15, 43.9000, 24, 0, 5, 0);

INSERT INTO Products(ProductID, ProductName, SupplierID, CategoryID, QuantityPerUnit, UnitPrice, UnitsInStock, UnitsOnOrder, ReorderLevel, Discontinued) VALUES (64, 'Wimmers gute Semmelknadel', 12, 5, 20, 33.2500, 22, 80, 30, 0);

INSERT INTO Products(ProductID, ProductName, SupplierID, CategoryID, QuantityPerUnit, UnitPrice, UnitsInStock, UnitsOnOrder, ReorderLevel, Discontinued) VALUES (65, 'Louisiana Fiery Hot Pepper Sauce', 2, 2, 32, 21.0500, 76, 0, 0, 0);

INSERT INTO Products(ProductID, ProductName, SupplierID, CategoryID, QuantityPerUnit, UnitPrice, UnitsInStock, UnitsOnOrder, ReorderLevel, Discontinued) VALUES (66, 'Louisiana Hot Spiced Okra', 2, 2, 24, 17.0000, 4, 100, 20, 0);

INSERT INTO Products(ProductID, ProductName, SupplierID, CategoryID, QuantityPerUnit, UnitPrice, UnitsInStock, UnitsOnOrder, ReorderLevel, Discontinued) VALUES (67, 'Laughing Lumberjack Lager', 16, 1, 24, 14.0000, 52, 0, 10, 0);

INSERT INTO Products(ProductID, ProductName, SupplierID, CategoryID, QuantityPerUnit, UnitPrice, UnitsInStock, UnitsOnOrder, ReorderLevel, Discontinued) VALUES (68, 'Scottish Longbreads', 8, 3, 10, 12.5000, 6, 10, 15, 0);

INSERT INTO Products(ProductID, ProductName, SupplierID, CategoryID, QuantityPerUnit, UnitPrice, UnitsInStock, UnitsOnOrder, ReorderLevel, Discontinued) VALUES (69, 'Gudbrandsdalsost', 15, 4, 10, 36.0000, 26, 0, 15, 0);

INSERT INTO Products(ProductID, ProductName, SupplierID, CategoryID, QuantityPerUnit, UnitPrice, UnitsInStock, UnitsOnOrder, ReorderLevel, Discontinued) VALUES (70, 'Outback Lager', 7, 1, 24, 15.0000, 15, 10, 30, 0);

INSERT INTO Products(ProductID, ProductName, SupplierID, CategoryID, QuantityPerUnit, UnitPrice, UnitsInStock, UnitsOnOrder, ReorderLevel, Discontinued) VALUES (71, 'Flotemysost', 15, 4, 10, 21.5000, 26, 0, 0, 0);

INSERT INTO Products(ProductID, ProductName, SupplierID, CategoryID, QuantityPerUnit, UnitPrice, UnitsInStock, UnitsOnOrder, ReorderLevel, Discontinued) VALUES (72, 'Mozzarella di Giovanni', 14, 4, 24, 34.8000, 14, 0, 0, 0);

INSERT INTO Products(ProductID, ProductName, SupplierID, CategoryID, QuantityPerUnit, UnitPrice, UnitsInStock, UnitsOnOrder, ReorderLevel, Discontinued) VALUES (73, 'Rad Kaviar', 17, 8, 24, 15.0000, 101, 0, 5, 0);

INSERT INTO Products(ProductID, ProductName, SupplierID, CategoryID, QuantityPerUnit, UnitPrice, UnitsInStock, UnitsOnOrder, ReorderLevel, Discontinued) VALUES (74, 'Longlife Tofu', 4, 7, 5, 10.0000, 4, 20, 5, 0);

INSERT INTO Products(ProductID, ProductName, SupplierID, CategoryID, QuantityPerUnit, UnitPrice, UnitsInStock, UnitsOnOrder, ReorderLevel, Discontinued) VALUES (75, 'RhanbraKlosterbier', 12, 1, 24, 7.7500, 125, 0, 25, 0);

INSERT INTO Products(ProductID, ProductName, SupplierID, CategoryID, QuantityPerUnit, UnitPrice, UnitsInStock, UnitsOnOrder, ReorderLevel, Discontinued) VALUES (76, 'Lakkalikaari', 23, 1, 500, 18.0000, 57, 0, 20, 0);

INSERT INTO Products(ProductID, ProductName, SupplierID, CategoryID, QuantityPerUnit, UnitPrice, UnitsInStock, UnitsOnOrder, ReorderLevel, Discontinued) VALUES (77, 'Original Frankfurter grane Soa', 12, 2, 12, 13.0000, 32, 0, 15, 0);

INSERT INTO Employees(EmployeeID, LastName, FirstName, Title, TitleOfCourtesy, BirthDate, HireDate, Address, City, Region, PostalCode, Country, HomePhone, Extension, Notes, ReportsTo, PhotoPath, SIN) VALUES (2, 'Fuller', 'Andrew', 'Vice President, Sales', 'Dr.', '1952-02-19', '1992-08-14', '908 W. Capital Way', 'Tacoma', 'WA', '98401', 'USA', '(206) 555-9482', '3457',  'Andrew received his BTS commercial in 1974 and a Ph.D. in international marketing from the University of Dallas in 1981.  He is fluent in French and Italian and reads German.  He joined the company as a sales representative, was promoted to sales manager in January 1992 and to vice president of sales in March 1993.  Andrew is a member of the Sales Management Roundtable, the Seattle Chamber of Commerce, and the Pacific Rim Importers Association.', null,'http://accweb/emmployees/fuller.bmp', '123456789');

INSERT INTO Employees(EmployeeID, LastName, FirstName, Title, TitleOfCourtesy, BirthDate, HireDate, Address, City, Region, PostalCode, Country, HomePhone, Extension, Notes, ReportsTo, PhotoPath, SIN) VALUES (1, 'Davolio', 'Nancy', 'Sales Representative', 'Ms.', '1948-12-08', '1992-05-01', '507 - 20th Ave. E. Apt. 2A', 'Seattle', 'WA', '98122', 'USA', '(206) 555-9857', '5467',  'Education includes a BA in psychology from Colorado State University in 1970.  She also completed  The Art of the Cold Call.   Nancy is a member of Toastmasters International.', 2, 'http://accweb/emmployees/davolio.bmp', '234567890');

INSERT INTO Employees(EmployeeID, LastName, FirstName, Title, TitleOfCourtesy, BirthDate, HireDate, Address, City, Region, PostalCode, Country, HomePhone, Extension, Notes, ReportsTo, PhotoPath, SIN) VALUES (3, 'Leverling', 'Janet', 'Sales Representative', 'Ms.', '1963-08-30', '1992-04-01', '722 Moss Bay Blvd.', 'Kirkland', 'WA', '98033', 'USA', '(206) 555-3412', '3355', 'Janet has a BS degree in chemistry from Boston College (1984).  She has also completed a certificate program in food retailing management.  Janet was hired as a sales associate in 1991 and promoted to sales representative in February 1992.', 2, 'http://accweb/emmployees/leverling.bmp','345678901');

INSERT INTO Employees(EmployeeID, LastName, FirstName, Title, TitleOfCourtesy, BirthDate, HireDate, Address, City, Region, PostalCode, Country, HomePhone, Extension, Notes, ReportsTo, PhotoPath, SIN) VALUES (4, 'Peacock', 'Margaret', 'Sales Representative', 'Mrs.', '1937-09-19', '1993-05-03', '4110 Old Redmond Rd.', 'Redmond', 'WA', '98052', 'USA', '(206) 555-8122', '5176', 'Margaret holds a BA in English literature from Concordia College (1958) and an MA from the American Institute of Culinary Arts (1966).  She was assigned to the London office temporarily from July through November 1992.', 2, 'http://accweb/emmployees/peacock.bmp','456789012');

INSERT INTO Employees(EmployeeID, LastName, FirstName, Title, TitleOfCourtesy, BirthDate, HireDate, Address, City, Region, PostalCode, Country, HomePhone, Extension, Notes, ReportsTo, PhotoPath, SIN) VALUES (5, 'Buchanan', 'Steven', 'Sales Manager', 'Mr.', '1955-03-04', '1993-10-17', '14 Garrett Hill', 'London', null, 'SW1 8JR', 'UK', '(71) 555-4848', '3453',  'Steven Buchanan graduated from St. Andrews University, Scotland, with a BSC degree in 1976.  Upon joining the company as a sales representative in 1992, he spent 6 months in an orientation program at the Seattle office and then returned to his permanent post in London.  He was promoted to sales manager in March 1993.  Mr. Buchanan has completed the courses  Successful Telemarketing  and  International Sales Management.   He is fluent in French.', 2, 'http://accweb/emmployees/buchanan.bmp','567890123');

INSERT INTO Employees(EmployeeID, LastName, FirstName, Title, TitleOfCourtesy, BirthDate, HireDate, Address, City, Region, PostalCode, Country, HomePhone, Extension, Notes, ReportsTo, PhotoPath, SIN) VALUES (6, 'Suyama', 'Michael', 'Sales Representative', 'Mr.', '1963-07-02', '1993-10-17', 'Coventry House Miner Rd.', 'London', null, 'EC2 7JR', 'UK', '(71) 555-7773', '428',  'Michael is a graduate of Sussex University (MA, economics, 1983) and the University of California at Los Angeles (MBA, marketing, 1986).  He has also taken the courses  Multi-Cultural Selling  and  Time Management for the Sales Professional.   He is fluent in Japanese and can read and write French, Portuguese, and Spanish.', 5, 'http://accweb/emmployees/davolio.bmp','678901234');

INSERT INTO Employees(EmployeeID, LastName, FirstName, Title, TitleOfCourtesy, BirthDate, HireDate, Address, City, Region, PostalCode, Country, HomePhone, Extension, Notes, ReportsTo, PhotoPath, SIN) VALUES (7, 'King', 'Robert', 'Sales Representative', 'Mr.', '1960-05-29', '1994-01-02', 'Edgeham Hollow Winchester Way', 'London', null, 'RG1 9SP', 'UK', '(71) 555-5598', '465',  'Robert King served in the Peace Corps and traveled extensively before completing his degree in English at the University of Michigan in 1992, the year he joined the company.  After completing a course entitled  Selling in Europe,  he was transferred to the London office in March 1993.', 5, 'http://accweb/emmployees/davolio.bmp','789012345');

INSERT INTO Employees(EmployeeID, LastName, FirstName, Title, TitleOfCourtesy, BirthDate, HireDate, Address, City, Region, PostalCode, Country, HomePhone, Extension, Notes, ReportsTo, PhotoPath, SIN) VALUES (8, 'Callahan', 'Laura', 'Inside Sales Coordinator', 'Ms.', '1958-01-09', '1994-03-05', '4726 - 11th Ave. N.E.', 'Seattle', 'WA', '98105', 'USA', '(206) 555-1189', '2344', 'Laura received a BA in psychology from the University of Washington.  She has also completed a course in business French.  She reads and writes French.', 2, 'http://accweb/emmployees/davolio.bmp','890123456');

INSERT INTO Employees(EmployeeID, LastName, FirstName, Title, TitleOfCourtesy, BirthDate, HireDate, Address, City, Region, PostalCode, Country, HomePhone, Extension, Notes, ReportsTo, PhotoPath, SIN) VALUES (9, 'Dodsworth', 'Anne', 'Sales Representative', 'Ms.', '1966-01-27', '1994-11-15', '7 Houndstooth Rd.', 'London', null, 'WG2 7LT', 'UK', '(71) 555-4444', '452',  'Anne has a BA degree in English from St. Lawrence College.  She is fluent in French and German.', 5, 'http://accweb/emmployees/davolio.bmp','901234567');

INSERT INTO CUSTOMERS (CUSTOMERID, COMPANYNAME, CONTACTNAME, CONTACTTITLE, ADDRESS, CITY, REGION, POSTALCODE, COUNTRY, PHONE, FAX)  
VALUES ('ALFKI', 'Alfreds Futterkiste', 'Maria Anders', 'Associate Salesrep', 'Obere Str. 57', 'Berlin', '', '12209', 'Germany', '030-0074321', '030-0076545');

INSERT INTO CUSTOMERS (CUSTOMERID, COMPANYNAME, CONTACTNAME, CONTACTTITLE, ADDRESS, CITY, REGION, POSTALCODE, COUNTRY, PHONE, FAX)  
VALUES ('ANATR', 'Ana Trujillo Emparedados y helados', 'Ana Trujillo', 'Owner', 'Avda. de la Constitucia222', 'Mexico D.F.', '', '05021', 'Mexico', '(5)555-4729', '(5) 555-3745');

INSERT INTO CUSTOMERS (CUSTOMERID, COMPANYNAME, CONTACTNAME, CONTACTTITLE, ADDRESS, CITY, REGION, POSTALCODE, COUNTRY, PHONE, FAX)  
VALUES ('ANTON', 'Antonio Moreno Taqueria', 'Antonio Moreno', 'Owner', 'Mataderos  2312', 'Mexico D.F.', '', '05023', 'Mexico', '(5)555-3932', '');

INSERT INTO CUSTOMERS (CUSTOMERID, COMPANYNAME, CONTACTNAME, CONTACTTITLE, ADDRESS, CITY, REGION, POSTALCODE, COUNTRY, PHONE, FAX)  
VALUES ('AROUT', 'Around the Horn', 'Thomas Hardy', 'Sales Representative', '120 Hanover Sq.', 'London', '', 'WA1 1DP', 'UK', '(171)555-7788', '(171)555-6750');

INSERT INTO CUSTOMERS (CUSTOMERID, COMPANYNAME, CONTACTNAME, CONTACTTITLE, ADDRESS, CITY, REGION, POSTALCODE, COUNTRY, PHONE, FAX)  
VALUES ('BERGS', 'Berglunds snabbkop', 'Christina Berglund', 'Order Administrator', 'Berguvsvagen  8', 'Lulea', '', 'S-95822', 'Sweden', '0921-12 34 65', '0921-12 34 67');

INSERT INTO CUSTOMERS (CUSTOMERID, COMPANYNAME, CONTACTNAME, CONTACTTITLE, ADDRESS, CITY, REGION, POSTALCODE, COUNTRY, PHONE, FAX)  
VALUES ('BLAUS', 'Blauer See Delikatessen', 'Hanna Moos', 'Manager Sales', 'Forsterstr. 57', 'Mannheim', '', '68306', 'Germany', '0621-08460', '0621-08924');

INSERT INTO CUSTOMERS (CUSTOMERID, COMPANYNAME, CONTACTNAME, CONTACTTITLE, ADDRESS, CITY, REGION, POSTALCODE, COUNTRY, PHONE, FAX)  
VALUES ('BLONP', 'Blondesddsl pere et fils', 'Frederique Citeaux', 'Marketing Manager', '24 place Kleber', 'Strasbourg', '', '67000', 'France', '88.60.15.31', '88.60.15.32');

INSERT INTO CUSTOMERS (CUSTOMERID, COMPANYNAME, CONTACTNAME, CONTACTTITLE, ADDRESS, CITY, REGION, POSTALCODE, COUNTRY, PHONE, FAX)  
VALUES ('BOLID', 'Bao Comidas preparadas', 'Martin Sommer', 'Owner', 'Araquil 67', 'Madrid', '', '28023', 'Spain', '(91)555-22-82', '(91)555-91-99');

INSERT INTO CUSTOMERS (CUSTOMERID, COMPANYNAME, CONTACTNAME, CONTACTTITLE, ADDRESS, CITY, REGION, POSTALCODE, COUNTRY, PHONE, FAX)  
VALUES ('BONAP', 'Bon app''', 'Laurence Lebihan', 'Owner', '12 rue des Bouchers', 'Marseille', '', '13008', 'France', '91.24.45.40', '91.24.45.41');

INSERT INTO CUSTOMERS (CUSTOMERID, COMPANYNAME, CONTACTNAME, CONTACTTITLE, ADDRESS, CITY, REGION, POSTALCODE, COUNTRY, PHONE, FAX)  
VALUES ('BOTTM', 'Bottom-Dollar Markets', 'Elizabeth Lincoln', 'Accounting Manager', '23 Tsawassen Blvd.', 'Tsawassen', 'BC', 'T2F 8M4', 'Canada', '(604)555-4729', '(604)555-3745');

INSERT INTO CUSTOMERS (CUSTOMERID, COMPANYNAME, CONTACTNAME, CONTACTTITLE, ADDRESS, CITY, REGION, POSTALCODE, COUNTRY, PHONE, FAX)  
VALUES ('BSBEV', 'B''s Beverages', 'Victoria Ashworth', 'Assistant to Sales Mgr', 'Fauntleroy Circus', 'London', '', 'EC2 5NT', 'UK', '(171)555-1212', '');

INSERT INTO CUSTOMERS (CUSTOMERID, COMPANYNAME, CONTACTNAME, CONTACTTITLE, ADDRESS, CITY, REGION, POSTALCODE, COUNTRY, PHONE, FAX)  
VALUES ('CACTU', 'Cactus Comidas para llevar', 'Patricio Simpson', 'Sales Agent', 'Cerrito 333', 'Buenos Aires', '', '1010', 'Argentina', '(1)135-5555', '(1)135-4892');

INSERT INTO CUSTOMERS (CUSTOMERID, COMPANYNAME, CONTACTNAME, CONTACTTITLE, ADDRESS, CITY, REGION, POSTALCODE, COUNTRY, PHONE, FAX)  
VALUES ('CENTC', 'Centro comercial Moctezuma', 'Francisco Chang', 'Marketing Manager', 'Sierras de Granada 9993', 'Mexico', '', '05022', 'Mexico', '(5)555-3392', '(5)555-7293');

INSERT INTO CUSTOMERS (CUSTOMERID, COMPANYNAME, CONTACTNAME, CONTACTTITLE, ADDRESS, CITY, REGION, POSTALCODE, COUNTRY, PHONE, FAX)  
VALUES ('CHOPS', 'Chop-suey Chinese', 'Yang Wang', 'Owner', 'Hauptstr 29', 'Bern', '', '3012', 'Switzerland', '0452-076545', '');

INSERT INTO CUSTOMERS (CUSTOMERID, COMPANYNAME, CONTACTNAME, CONTACTTITLE, ADDRESS, CITY, REGION, POSTALCODE, COUNTRY, PHONE, FAX)  
VALUES ('COMMI', 'Comercio Mineiro', 'Pedro Afonso', 'Sales Associate', 'Av dos Lusiadas 23', 'Sao Paulo', ' SP', '05432-043', 'Brazil', '(11)555-7647', '');

INSERT INTO CUSTOMERS (CUSTOMERID, COMPANYNAME, CONTACTNAME, CONTACTTITLE, ADDRESS, CITY, REGION, POSTALCODE, COUNTRY, PHONE, FAX)  
VALUES ('CONSH', 'Consolidated Holdings', 'Elizabeth Brown', 'Sales Representative', 'Berkeley Gardens 12  Brewery', 'London', '', 'WX1 6LT', 'UK', '(171)555-2282', '(171)555-9199');

INSERT INTO CUSTOMERS (CUSTOMERID, COMPANYNAME, CONTACTNAME, CONTACTTITLE, ADDRESS, CITY, REGION, POSTALCODE, COUNTRY, PHONE, FAX)  
VALUES ('DRACD', 'Drachenblut Delikatessen', 'Sven Ottlieb', 'Order Administrator', 'Walserweg 21', 'Aachen', '', '52066', 'Germany', '0241-039123', '0241-059428');

INSERT INTO CUSTOMERS (CUSTOMERID, COMPANYNAME, CONTACTNAME, CONTACTTITLE, ADDRESS, CITY, REGION, POSTALCODE, COUNTRY, PHONE, FAX)  
VALUES ('DUMON', 'Du monde entier', 'Janine Labrune', 'Owner', '67 rue des Cinquante Otages', 'Nantes', '', '44000', 'France', '40.67.88.88', '40.67.89.89');

INSERT INTO CUSTOMERS (CUSTOMERID, COMPANYNAME, CONTACTNAME, CONTACTTITLE, ADDRESS, CITY, REGION, POSTALCODE, COUNTRY, PHONE, FAX)  
VALUES ('EASTC', 'Eastern Connection', 'Ann Devon', 'Sales Agent', '35 King George', 'London', '', 'WX3-6FW', 'UK', '(171)555-0297', '(171)555-3373');

INSERT INTO CUSTOMERS (CUSTOMERID, COMPANYNAME, CONTACTNAME, CONTACTTITLE, ADDRESS, CITY, REGION, POSTALCODE, COUNTRY, PHONE, FAX)  
VALUES ('ERNSH', 'Ernst Handel', 'Roland Mendel', 'Sales Manager', 'Kirchgasse 6', 'Graz', '', '8010', 'Austria', '7675-3425', '7675-3426');

INSERT INTO CUSTOMERS (CUSTOMERID, COMPANYNAME, CONTACTNAME, CONTACTTITLE, ADDRESS, CITY, REGION, POSTALCODE, COUNTRY, PHONE, FAX)  
VALUES ('FAMIA', 'Familia Arquibaldo', 'Aria Cruz', 'Marketing Assistant', 'Rua Ora92', 'Sao Paulo', 'SP', '05442-030', 'Brazil', '(11)555-9857', '');

INSERT INTO CUSTOMERS (CUSTOMERID, COMPANYNAME, CONTACTNAME, CONTACTTITLE, ADDRESS, CITY, REGION, POSTALCODE, COUNTRY, PHONE, FAX)  
VALUES ('FISSA', 'FISSA Fabrica Inter. Salchichas S.A.', 'Diego Roel', 'Accounting Manager', 'C Moralzarzal 86', 'Madrid', '', '28034', 'Spain', '(91)555-94-44', '(91)555-55-93');

INSERT INTO CUSTOMERS (CUSTOMERID, COMPANYNAME, CONTACTNAME, CONTACTTITLE, ADDRESS, CITY, REGION, POSTALCODE, COUNTRY, PHONE, FAX)  
VALUES ('FOLIG', 'Folies gourmandes', 'Martine Rance', 'Assistant Sales Agent', '184 chaussee de Tournai', 'Lille', '', '59000', 'France', '20.16.10.16', '20.16.10.17');

INSERT INTO CUSTOMERS (CUSTOMERID, COMPANYNAME, CONTACTNAME, CONTACTTITLE, ADDRESS, CITY, REGION, POSTALCODE, COUNTRY, PHONE, FAX)  
VALUES ('FOLKO', 'Folk och fa HB', 'Maria Larsson', 'Owner', 'aergatan 24', 'Bracke', '', 'S-844 67', 'Sweden', '0921-12 34 67', '0921-12 34 68');

INSERT INTO CUSTOMERS (CUSTOMERID, COMPANYNAME, CONTACTNAME, CONTACTTITLE, ADDRESS, CITY, REGION, POSTALCODE, COUNTRY, PHONE, FAX)  
VALUES ('FRANK', 'Frankenversand', 'Peter Franken', 'Marketing Manager', 'Berliner Platz 43', 'Manchen', '', '80805', 'Germany', '089-0877310', '089-0877451');

INSERT INTO CUSTOMERS (CUSTOMERID, COMPANYNAME, CONTACTNAME, CONTACTTITLE, ADDRESS, CITY, REGION, POSTALCODE, COUNTRY, PHONE, FAX)  
VALUES ('FRANR', 'France restauration', 'Carine Schmitt', 'Marketing Manager', '54 rue Royale', 'Nantes', '', '44000', 'France', '40.32.21.21', '40.32.21.20');

INSERT INTO CUSTOMERS (CUSTOMERID, COMPANYNAME, CONTACTNAME, CONTACTTITLE, ADDRESS, CITY, REGION, POSTALCODE, COUNTRY, PHONE, FAX)  
VALUES ('FRANS', 'Franchi S.p.A.', 'Paolo Accorti', 'Sales Representative', 'Via Monte Bianco 34', 'Torino', '', '10100', 'Italy', '011-4988260', '011-4988261');

INSERT INTO CUSTOMERS (CUSTOMERID, COMPANYNAME, CONTACTNAME, CONTACTTITLE, ADDRESS, CITY, REGION, POSTALCODE, COUNTRY, PHONE, FAX)  
VALUES ('FURIB', 'Furia Bacalhau e Frutos do Mar', 'Lino Rodriguez', 'Sales Manager', 'Jardim das rosas n 32', 'Lisboa', '', '1675', 'Portugal', '(1)354-2534', '(1)354-2535');

INSERT INTO CUSTOMERS (CUSTOMERID, COMPANYNAME, CONTACTNAME, CONTACTTITLE, ADDRESS, CITY, REGION, POSTALCODE, COUNTRY, PHONE, FAX)  
VALUES ('GALED', 'Galeria del gastrao', 'Eduardo Saavedra', 'Marketing Manager', 'Rambla de Catalua23', 'Barcelona', '', '08022', 'Spain', '(93) 203 4560', '(93) 203 4561');

INSERT INTO CUSTOMERS (CUSTOMERID, COMPANYNAME, CONTACTNAME, CONTACTTITLE, ADDRESS, CITY, REGION, POSTALCODE, COUNTRY, PHONE, FAX)  
VALUES ('GODOS', 'Godos Cocina Tipica', 'Jose Pedro Freyre', 'Sales Manager', 'C Romero 33', 'Sevilla', '', '41101', 'Spain', '(95)555-82-82', '(95)555-82-83');

INSERT INTO CUSTOMERS (CUSTOMERID, COMPANYNAME, CONTACTNAME, CONTACTTITLE, ADDRESS, CITY, REGION, POSTALCODE, COUNTRY, PHONE, FAX)  
VALUES ('GOURL', 'Gourmet Lanchonetes', 'Andre Fonseca', 'Sales Associate', 'Av. Brasil 442', 'Campinas', 'SP', '04876-786', 'Brazil', '(11)555-9482', '(11)555-9483');

INSERT INTO CUSTOMERS (CUSTOMERID, COMPANYNAME, CONTACTNAME, CONTACTTITLE, ADDRESS, CITY, REGION, POSTALCODE, COUNTRY, PHONE, FAX)  
VALUES ('GREAL', 'Great Lakes Food Market', 'Howard Snyder', 'Marketing Manager', '2732 Baker Blvd.', 'Eugene', 'OR', '97403', 'USA', '(503)555-7555', '(503)555-7556');

INSERT INTO CUSTOMERS (CUSTOMERID, COMPANYNAME, CONTACTNAME, CONTACTTITLE, ADDRESS, CITY, REGION, POSTALCODE, COUNTRY, PHONE, FAX)  
VALUES ('GROSR', 'GROSELLA-Restaurante', 'Manuel Pereira', 'Owner', '5 Ave Los Palos Grandes', 'Caracas', 'DF', '1081', 'Venezuela', '(2)283-2951', '(2)283-3397');

INSERT INTO CUSTOMERS (CUSTOMERID, COMPANYNAME, CONTACTNAME, CONTACTTITLE, ADDRESS, CITY, REGION, POSTALCODE, COUNTRY, PHONE, FAX)  
VALUES ('HANAR', 'Hanari Carnes', 'Mario Pontes', 'Accounting Manager', 'Rua do Paco 67', 'Rio de Janeiro', 'RJ', '05454-876', 'Brazil', '(21)555-0091', '(21)555-8765');

INSERT INTO CUSTOMERS (CUSTOMERID, COMPANYNAME, CONTACTNAME, CONTACTTITLE, ADDRESS, CITY, REGION, POSTALCODE, COUNTRY, PHONE, FAX)  
VALUES ('HILAA', 'HILARION Abastos', 'Carlos Hernandez', 'Sales Representative', 'Carrera 22 con Ave', 'San Crista', 'Tachira', '5022', 'Venezuela', '(5)555-1340', '(5)555-1948');

INSERT INTO CUSTOMERS (CUSTOMERID, COMPANYNAME, CONTACTNAME, CONTACTTITLE, ADDRESS, CITY, REGION, POSTALCODE, COUNTRY, PHONE, FAX)  
VALUES ('HUNGC', 'Hungry Coyote Import Store', 'Yoshi Latimer', 'Sales Representative', 'City Center 516 Main St', 'Elgin', 'OR', '97827', 'USA', '(503)555-6874', '(503)555-2376');

INSERT INTO CUSTOMERS (CUSTOMERID, COMPANYNAME, CONTACTNAME, CONTACTTITLE, ADDRESS, CITY, REGION, POSTALCODE, COUNTRY, PHONE, FAX)  
VALUES ('HUNGO', 'Hungry Owl Grocers', 'Patricia McKenna', 'Sales Associate', '8 Johnstown Road', 'Cork', 'Co', '12345', 'Ireland', '(296)0542', '(296)3333');

INSERT INTO CUSTOMERS (CUSTOMERID, COMPANYNAME, CONTACTNAME, CONTACTTITLE, ADDRESS, CITY, REGION, POSTALCODE, COUNTRY, PHONE, FAX)  
VALUES ('ISLAT', 'Island Trading', 'Helen Bennett', 'Marketing Manager', 'Garden House Crowther Way', 'Cowes', '', 'PO317PJ', 'UK', '(198)555-8888', '(198)555-8887');

INSERT INTO CUSTOMERS (CUSTOMERID, COMPANYNAME, CONTACTNAME, CONTACTTITLE, ADDRESS, CITY, REGION, POSTALCODE, COUNTRY, PHONE, FAX)  
VALUES ('KOENE', 'Koniglich Essen', 'Philip Cramer', 'Sales Associate', 'Maubelstr 90', 'Brandenburg', '', '14776', 'Germany', '555-09876', '555-09875');

INSERT INTO CUSTOMERS (CUSTOMERID, COMPANYNAME, CONTACTNAME, CONTACTTITLE, ADDRESS, CITY, REGION, POSTALCODE, COUNTRY, PHONE, FAX)  
VALUES ('LACOR', 'La corne d''abondance', 'Daniel Tonini', 'Sales Representative', '67 avenue de l''Europe', 'Versailles', '', '78000', 'France', '30.59.84.10', '30.59.85.11');

INSERT INTO CUSTOMERS (CUSTOMERID, COMPANYNAME, CONTACTNAME, CONTACTTITLE, ADDRESS, CITY, REGION, POSTALCODE, COUNTRY, PHONE, FAX)  
VALUES ('LAMAI', 'La maison d''Asie', 'Annette Roulet', 'Sales Manager', '1 rue Alsace-Lorraine', 'Toulouse', '', '31000', 'France', '61.77.61.10', '61.77.61.11');

INSERT INTO CUSTOMERS (CUSTOMERID, COMPANYNAME, CONTACTNAME, CONTACTTITLE, ADDRESS, CITY, REGION, POSTALCODE, COUNTRY, PHONE, FAX)  
VALUES ('LAUGB', 'Laughing Bacchus Wine Cellars', 'Yoshi Tannamuri', 'Marketing Assistant', '1900 Oak St.', 'Vancouver', 'BC', 'V3F 2K1', 'Canada', '(604) 555-3392', '(604) 555-7293');

INSERT INTO CUSTOMERS (CUSTOMERID, COMPANYNAME, CONTACTNAME, CONTACTTITLE, ADDRESS, CITY, REGION, POSTALCODE, COUNTRY, PHONE, FAX)  
VALUES ('LAZYK', 'Lazy K Kountry Store', 'John Steel', 'Marketing Manager', '12 Orchestra Terrace', 'Walla Walla', 'WA', '99362', 'USA', '(509) 555-7969', '(509) 555-6221');

INSERT INTO CUSTOMERS (CUSTOMERID, COMPANYNAME, CONTACTNAME, CONTACTTITLE, ADDRESS, CITY, REGION, POSTALCODE, COUNTRY, PHONE, FAX)  
VALUES ('LEHMS', 'Lehmanns Marktstand', 'Renate Messner', 'Sales Representative', 'Magazinweg 7', 'Frankfurt a.M.', '', '60528', 'Germany', '069-0245984', '069-0245874');

INSERT INTO CUSTOMERS (CUSTOMERID, COMPANYNAME, CONTACTNAME, CONTACTTITLE, ADDRESS, CITY, REGION, POSTALCODE, COUNTRY, PHONE, FAX)  
VALUES ('LETSS', 'Let''s Stop N Shop', 'Jaime Yorres', 'Owner', '87 Polk St. Suite 5', 'San Francisco', 'CA', '94117', 'USA', '(415) 555-5938', '');

INSERT INTO CUSTOMERS (CUSTOMERID, COMPANYNAME, CONTACTNAME, CONTACTTITLE, ADDRESS, CITY, REGION, POSTALCODE, COUNTRY, PHONE, FAX)  
VALUES ('LILAS', 'LILA-Supermercado', 'Carlos Gonzalez', 'Accounting Manager', 'Carrera 52 con Ave. Bolivar #65-98 Llano Largo', 'Barquisimeto', 'Lara', '3508', 'Venezuela', '(9) 331-6954', '(9) 331-7256');

INSERT INTO CUSTOMERS (CUSTOMERID, COMPANYNAME, CONTACTNAME, CONTACTTITLE, ADDRESS, CITY, REGION, POSTALCODE, COUNTRY, PHONE, FAX)  
VALUES ('LINOD', 'LINO-Delicateses', 'Felipe Izquierdo', 'Owner', 'Ave. 5 de Mayo Porlamar', 'I. de Margarita', 'Nueva Esparta', '4980', 'Venezuela', '(8) 34-56-12', '(8) 34-93-93');

INSERT INTO CUSTOMERS (CUSTOMERID, COMPANYNAME, CONTACTNAME, CONTACTTITLE, ADDRESS, CITY, REGION, POSTALCODE, COUNTRY, PHONE, FAX)  
VALUES ('LONEP', 'Lonesome Pine Restaurant', 'Fran Wilson', 'Sales Manager', '89 Chiaroscuro Rd.', 'Portland', 'OR', '97219', 'USA', '(503) 555-9573', '(503) 555-9646');

INSERT INTO CUSTOMERS (CUSTOMERID, COMPANYNAME, CONTACTNAME, CONTACTTITLE, ADDRESS, CITY, REGION, POSTALCODE, COUNTRY, PHONE, FAX)  
VALUES ('MAGAA', 'Magazzini Alimentari Riuniti', 'Giovanni Rovelli', 'Marketing Manager', 'Via Ludovico il Moro 22', 'Bergamo', '', '24100', 'Italy', '035-640230', '035-640231');

INSERT INTO CUSTOMERS (CUSTOMERID, COMPANYNAME, CONTACTNAME, CONTACTTITLE, ADDRESS, CITY, REGION, POSTALCODE, COUNTRY, PHONE, FAX)  
VALUES ('MAISD', 'Maison Dewey', 'Catherine Dewey', 'Sales Agent', 'Rue Joseph-Bens 532', 'Bruxelles', '', 'B-1180', 'Belgium', '(02) 201 24 67', '(02) 201 24 68');

INSERT INTO CUSTOMERS (CUSTOMERID, COMPANYNAME, CONTACTNAME, CONTACTTITLE, ADDRESS, CITY, REGION, POSTALCODE, COUNTRY, PHONE, FAX)  
VALUES ('MEREP', 'Mere Paillarde', 'Jean Fresniere', 'Marketing Assistant', '43 rue St. Laurent', 'Montreal', 'Quebec', 'H1J 1C3', 'Canada', '(514) 555-8054', '(514) 555-8055');

INSERT INTO CUSTOMERS (CUSTOMERID, COMPANYNAME, CONTACTNAME, CONTACTTITLE, ADDRESS, CITY, REGION, POSTALCODE, COUNTRY, PHONE, FAX)  
VALUES ('MORGK', 'Morgenstern Gesundkost', 'Alexander Feuer', 'Marketing Assistant', 'Heerstr. 22', 'Leipzig', '', '04179', 'Germany', '0342-023176', '');

INSERT INTO CUSTOMERS (CUSTOMERID, COMPANYNAME, CONTACTNAME, CONTACTTITLE, ADDRESS, CITY, REGION, POSTALCODE, COUNTRY, PHONE, FAX)  
VALUES ('NORTS', 'North/South', 'Simon Crowther', 'Sales Associate', 'South House 300 Queensbridge', 'London', '', 'SW7 1RZ', 'UK', '(171) 555-7733', '(171) 555-2530');

INSERT INTO CUSTOMERS (CUSTOMERID, COMPANYNAME, CONTACTNAME, CONTACTTITLE, ADDRESS, CITY, REGION, POSTALCODE, COUNTRY, PHONE, FAX)  
VALUES ('OCEAN', 'Oceano Atlantico Ltda.', 'Yvonne Moncada', 'Sales Agent', 'Ing. Gustavo Moncada 8585 Piso 20-A', 'Buenos Aires', '', '1010', 'Argentina', '(1) 135-5333', '(1) 135-5535');

INSERT INTO CUSTOMERS (CUSTOMERID, COMPANYNAME, CONTACTNAME, CONTACTTITLE, ADDRESS, CITY, REGION, POSTALCODE, COUNTRY, PHONE, FAX)  
VALUES ('OLDWO', 'Old World Delicatessen', 'Rene Phillips', 'Sales Representative', '2743 Bering St.', 'Anchorage', 'AK', '99508', 'USA', '(907) 555-7584', '(907) 555-2880');

INSERT INTO CUSTOMERS (CUSTOMERID, COMPANYNAME, CONTACTNAME, CONTACTTITLE, ADDRESS, CITY, REGION, POSTALCODE, COUNTRY, PHONE, FAX)  
VALUES ('OTTIK', 'Ottilies Kaseladen', 'Henriette Pfalzheim', 'Owner', 'Mehrheimerstr. 369', 'Koln', '', '50739', 'Germany', '0221-0644327', '0221-0765721');

INSERT INTO CUSTOMERS (CUSTOMERID, COMPANYNAME, CONTACTNAME, CONTACTTITLE, ADDRESS, CITY, REGION, POSTALCODE, COUNTRY, PHONE, FAX)  
VALUES ('PARIS', 'Paris specialites', 'Marie Bertrand', 'Owner', '265 boulevard Charonne', 'Paris', '', '75012', 'France', '(1) 42.34.22.66', '(1) 42.34.22.77');

INSERT INTO CUSTOMERS (CUSTOMERID, COMPANYNAME, CONTACTNAME, CONTACTTITLE, ADDRESS, CITY, REGION, POSTALCODE, COUNTRY, PHONE, FAX)  
VALUES ('PERIC', 'Pericles Comidas clasicas', 'Guillermo Fernandez', 'Sales Representative', 'Calle Dr. Jorge Cash 321', 'Mexico D.F.', '', '05033', 'Mexico', '(5) 552-3745', '(5) 545-3745');

INSERT INTO CUSTOMERS (CUSTOMERID, COMPANYNAME, CONTACTNAME, CONTACTTITLE, ADDRESS, CITY, REGION, POSTALCODE, COUNTRY, PHONE, FAX)  
VALUES ('PICCO', 'Piccolo und mehr', 'Georg Pipps', 'Sales Manager', 'Geislweg 14', 'Salzburg', '', '5020', 'Austria', '6562-9722', '6562-9723');

INSERT INTO CUSTOMERS (CUSTOMERID, COMPANYNAME, CONTACTNAME, CONTACTTITLE, ADDRESS, CITY, REGION, POSTALCODE, COUNTRY, PHONE, FAX)  
VALUES ('PRINI', 'Princesa Isabel Vinhos', 'Isabel de Castro', 'Sales Representative', 'Estrada da saade n. 58', 'Lisboa', '', '1756', 'Portugal', '(1) 356-5634', '');

INSERT INTO CUSTOMERS (CUSTOMERID, COMPANYNAME, CONTACTNAME, CONTACTTITLE, ADDRESS, CITY, REGION, POSTALCODE, COUNTRY, PHONE, FAX)  
VALUES ('QUEDE', 'Que Delicia', 'Bernardo Batista', 'Accounting Manager', 'Rua da Panificadora 12', 'Rio de Janeiro', 'RJ', '02389-673', 'Brazil', '(21) 555-4252', '(21) 555-4545');

INSERT INTO CUSTOMERS (CUSTOMERID, COMPANYNAME, CONTACTNAME, CONTACTTITLE, ADDRESS, CITY, REGION, POSTALCODE, COUNTRY, PHONE, FAX)  
VALUES ('QUEEN', 'Queen Cozinha', 'Lacia Carvalho', 'Marketing Assistant', 'Alameda dos Canaos 891', 'Sao Paulo', 'SP', '05487-020', 'Brazil', '(11) 555-1189', '');

INSERT INTO CUSTOMERS (CUSTOMERID, COMPANYNAME, CONTACTNAME, CONTACTTITLE, ADDRESS, CITY, REGION, POSTALCODE, COUNTRY, PHONE, FAX)  
VALUES ('QUICK', 'QUICK-Stop', 'Horst Kloss', 'Accounting Manager', 'Taucherstrabe 10', 'Cunewalde', '', '01307', 'Germany', '0372-035188', '');

INSERT INTO CUSTOMERS (CUSTOMERID, COMPANYNAME, CONTACTNAME, CONTACTTITLE, ADDRESS, CITY, REGION, POSTALCODE, COUNTRY, PHONE, FAX)  
VALUES ('RANCH', 'Rancho grande', 'Sergio Gutierrez', 'Sales Representative', 'Av. del Libertador 900', 'Buenos Aires', '', '1010', 'Argentina', '(1) 123-5555', '(1) 123-5556');

INSERT INTO CUSTOMERS (CUSTOMERID, COMPANYNAME, CONTACTNAME, CONTACTTITLE, ADDRESS, CITY, REGION, POSTALCODE, COUNTRY, PHONE, FAX)  
VALUES ('RATTC', 'Rattlesnake Canyon Grocery', 'Paula Wilson', 'Assistant Sales Representative', '2817 Milton Dr.', 'Albuquerque', 'NM', '87110', 'USA', '(505) 555-5939', '(505) 555-3620');

INSERT INTO CUSTOMERS (CUSTOMERID, COMPANYNAME, CONTACTNAME, CONTACTTITLE, ADDRESS, CITY, REGION, POSTALCODE, COUNTRY, PHONE, FAX)  
VALUES ('REGGC', 'Reggiani Caseifici', 'Maurizio Moroni', 'Sales Associate', 'Strada Provinciale 124', 'Reggio Emilia', '', '42100', 'Italy', '0522-556721', '0522-556722');

INSERT INTO CUSTOMERS (CUSTOMERID, COMPANYNAME, CONTACTNAME, CONTACTTITLE, ADDRESS, CITY, REGION, POSTALCODE, COUNTRY, PHONE, FAX)  
VALUES ('RICAR', 'Ricardo Adocicados', 'Janete Limeira', 'Assistant Sales Agent', 'Av. Copacabana 267', 'Rio de Janeiro', 'RJ', '02389-890', 'Brazil', '(21) 555-3412', '(21) 555-3412');

INSERT INTO CUSTOMERS (CUSTOMERID, COMPANYNAME, CONTACTNAME, CONTACTTITLE, ADDRESS, CITY, REGION, POSTALCODE, COUNTRY, PHONE, FAX)  
VALUES ('RICSU', 'Richter Supermarkt', 'Michael Holz', 'Sales Manager', 'Grenzacherweg 237', 'Geneve', '', '1203', 'Switzerland', '0897-034214', '');

INSERT INTO CUSTOMERS (CUSTOMERID, COMPANYNAME, CONTACTNAME, CONTACTTITLE, ADDRESS, CITY, REGION, POSTALCODE, COUNTRY, PHONE, FAX)  
VALUES ('ROMEY', 'Romero y tomillo', 'Alejandra Camino', 'Accounting Manager', 'Gran Via 1', 'Madrid', '', '28001', 'Spain', '(91) 745 6200', '(91) 745 6210');

INSERT INTO CUSTOMERS (CUSTOMERID, COMPANYNAME, CONTACTNAME, CONTACTTITLE, ADDRESS, CITY, REGION, POSTALCODE, COUNTRY, PHONE, FAX)  
VALUES ('SANTG', 'Sante Gourmet', 'Jonas Bergulfsen', 'Owner', 'Erling Skakkes gate 78', 'Stavern', '', '4110', 'Norway', '07-98 92 35', '07-98 92 47');

INSERT INTO CUSTOMERS (CUSTOMERID, COMPANYNAME, CONTACTNAME, CONTACTTITLE, ADDRESS, CITY, REGION, POSTALCODE, COUNTRY, PHONE, FAX)  
VALUES ('SAVEA', 'Save-a-lot Markets', 'Jose Pavarotti', 'Sales Representative', '187 Suffolk Ln.', 'Boise', 'ID', '83720', 'USA', '(208) 555-8097', '(208) 555-8096');

INSERT INTO CUSTOMERS (CUSTOMERID, COMPANYNAME, CONTACTNAME, CONTACTTITLE, ADDRESS, CITY, REGION, POSTALCODE, COUNTRY, PHONE, FAX)  
VALUES ('SEVES', 'Seven Seas Imports', 'Hari Kumar', 'Sales Manager', '90 Wadhurst Rd.', 'London', '', 'OX15 4NB', 'UK', '(171) 555-1717', '(171) 555-5646');

INSERT INTO CUSTOMERS (CUSTOMERID, COMPANYNAME, CONTACTNAME, CONTACTTITLE, ADDRESS, CITY, REGION, POSTALCODE, COUNTRY, PHONE, FAX)  
VALUES ('SIMOB', 'Simons bistro', 'Jytte Petersen', 'Owner', 'Vinbaet 34', 'Kobenhavn', '', '1734', 'Denmark', '31 12 34 56', '31 13 35 57');

INSERT INTO CUSTOMERS (CUSTOMERID, COMPANYNAME, CONTACTNAME, CONTACTTITLE, ADDRESS, CITY, REGION, POSTALCODE, COUNTRY, PHONE, FAX)  
VALUES ('SPECD', 'Specialites du monde', 'Dominique Perrier', 'Marketing Manager', '25 rue Lauriston', 'Paris', '', '75016', 'France', '(1) 47.55.60.10', '(1) 47.55.60.20');

INSERT INTO CUSTOMERS (CUSTOMERID, COMPANYNAME, CONTACTNAME, CONTACTTITLE, ADDRESS, CITY, REGION, POSTALCODE, COUNTRY, PHONE, FAX)  
VALUES ('SPLIR', 'Split Rail Beer Ale', 'Art Braunschweiger', 'Sales Manager', 'P.O. Box 555', 'Lander', 'WY', '82520', 'USA', '(307) 555-4680', '(307) 555-6525');

INSERT INTO CUSTOMERS (CUSTOMERID, COMPANYNAME, CONTACTNAME, CONTACTTITLE, ADDRESS, CITY, REGION, POSTALCODE, COUNTRY, PHONE, FAX)  
VALUES ('SUPRD', 'Supras delices', 'Pascale Cartrain', 'Accounting Manager', 'Boulevard Tirou 255', 'Charleroi', '', 'B-6000', 'Belgium', '(071) 23 67 22 20', '(071) 23 67 22 21');

INSERT INTO CUSTOMERS (CUSTOMERID, COMPANYNAME, CONTACTNAME, CONTACTTITLE, ADDRESS, CITY, REGION, POSTALCODE, COUNTRY, PHONE, FAX)  
VALUES ('THEBI', 'The Big Cheese', 'Liz Nixon', 'Marketing Manager', '89 Jefferson Way Suite 2', 'Portland', 'OR', '97201', 'USA', '(503) 555-3612', '555-3611');

INSERT INTO CUSTOMERS (CUSTOMERID, COMPANYNAME, CONTACTNAME, CONTACTTITLE, ADDRESS, CITY, REGION, POSTALCODE, COUNTRY, PHONE, FAX)  
VALUES ('THECR', 'The Cracker Box', 'Liu Wong', 'Marketing Assistant', '55 Grizzly Peak Rd.', 'Butte', 'MT', '59801', 'USA', '(406) 555-5834', '(406) 555-8083');

INSERT INTO CUSTOMERS (CUSTOMERID, COMPANYNAME, CONTACTNAME, CONTACTTITLE, ADDRESS, CITY, REGION, POSTALCODE, COUNTRY, PHONE, FAX)  
VALUES ('TOMSP', 'Toms Spezialitaten', 'Karin Josephs', 'Marketing Manager', 'Luisenstr. 48', 'Manster', '', '44087', 'Germany', '0251-031259', '0251-035695');

INSERT INTO CUSTOMERS (CUSTOMERID, COMPANYNAME, CONTACTNAME, CONTACTTITLE, ADDRESS, CITY, REGION, POSTALCODE, COUNTRY, PHONE, FAX)  
VALUES ('TORTU', 'Tortuga Restaurante', 'Miguel Angel Paolino', 'Owner', 'Avda. Azteca 123', 'Mexico D.F.', '', '05033', 'Mexico', '(5) 555-2933', '(5) 555-2932');

INSERT INTO CUSTOMERS (CUSTOMERID, COMPANYNAME, CONTACTNAME, CONTACTTITLE, ADDRESS, CITY, REGION, POSTALCODE, COUNTRY, PHONE, FAX)  
VALUES ('TRADH', 'Tradicao Hipermercados', 'Anabela Domingues', 'Sales Representative', 'Av. Inade Castro 414', 'Sao Paulo', 'SP', '05634-030', 'Brazil', '(11) 555-2167', '(11) 555-2168');

INSERT INTO CUSTOMERS (CUSTOMERID, COMPANYNAME, CONTACTNAME, CONTACTTITLE, ADDRESS, CITY, REGION, POSTALCODE, COUNTRY, PHONE, FAX)  
VALUES ('TRAIH', 'Trail''s Head Gourmet Provisioners', 'Helvetius Nagy', 'Sales Associate', '722 DaVinci Blvd.', 'Kirkland', 'WA', '98034', 'USA', '(206) 555-8257', '(206) 555-2174');

INSERT INTO CUSTOMERS (CUSTOMERID, COMPANYNAME, CONTACTNAME, CONTACTTITLE, ADDRESS, CITY, REGION, POSTALCODE, COUNTRY, PHONE, FAX)  
VALUES ('VAFFE', 'Vaffeljernet', 'Palle Ibsen', 'Sales Manager', 'Smagsloget 45', 'ahus', '', '8200', 'Denmark', '86 21 32 43', '86 22 33 44');

INSERT INTO CUSTOMERS (CUSTOMERID, COMPANYNAME, CONTACTNAME, CONTACTTITLE, ADDRESS, CITY, REGION, POSTALCODE, COUNTRY, PHONE, FAX)  
VALUES ('VICTE', 'Victuailles en stock', 'Mary Saveley', 'Sales Agent', '2 rue du Commerce', 'Lyon', '', '69004', 'France', '78.32.54.86', '78.32.54.87');

INSERT INTO CUSTOMERS (CUSTOMERID, COMPANYNAME, CONTACTNAME, CONTACTTITLE, ADDRESS, CITY, REGION, POSTALCODE, COUNTRY, PHONE, FAX)  
VALUES ('VINET', 'Vins et alcools Chevalier', 'Paul Henriot', 'Accounting Manager', '59 rue de l''Abbaye', 'Reims', '', '51100', 'France', '26.47.15.10', '26.47.15.11');

INSERT INTO CUSTOMERS (CUSTOMERID, COMPANYNAME, CONTACTNAME, CONTACTTITLE, ADDRESS, CITY, REGION, POSTALCODE, COUNTRY, PHONE, FAX)  
VALUES ('WANDK', 'Die Wandernde Kuh', 'Rita Maller', 'Sales Representative', 'Adenauerallee 900', 'Stuttgart', '', '70563', 'Germany', '0711-020361', '0711-035428');

INSERT INTO CUSTOMERS (CUSTOMERID, COMPANYNAME, CONTACTNAME, CONTACTTITLE, ADDRESS, CITY, REGION, POSTALCODE, COUNTRY, PHONE, FAX)  
VALUES ('WARTH', 'Wartian Herkku', 'Pirkko Koskitalo', 'Accounting Manager', 'Torikatu 38', 'Oulu', '', '90110', 'Finland', '981-443655', '981-443655');

INSERT INTO CUSTOMERS (CUSTOMERID, COMPANYNAME, CONTACTNAME, CONTACTTITLE, ADDRESS, CITY, REGION, POSTALCODE, COUNTRY, PHONE, FAX)  
VALUES ('WELLI', 'Wellington Importadora', 'Paula Parente', 'Sales Manager', 'Rua do Mercado 12', 'Resende', 'SP', '08737-363', 'Brazil', '(14) 555-8122', '');

INSERT INTO CUSTOMERS (CUSTOMERID, COMPANYNAME, CONTACTNAME, CONTACTTITLE, ADDRESS, CITY, REGION, POSTALCODE, COUNTRY, PHONE, FAX)  
VALUES ('WHITC', 'White Clover Markets', 'Karl Jablonski', 'Owner', '305 - 14th Ave. S. Suite 3B', 'Seattle', 'WA', '98128', 'USA', '(206) 555-4112', '(206) 555-4115');

INSERT INTO CUSTOMERS (CUSTOMERID, COMPANYNAME, CONTACTNAME, CONTACTTITLE, ADDRESS, CITY, REGION, POSTALCODE, COUNTRY, PHONE, FAX)  
VALUES ('WILMK', 'Wilman Kala', 'Matti Karttunen', 'Owner/Marketing Assistant', 'Keskuskatu 45', 'Helsinki', '', '21240', 'Finland', '90-224 8858', '90-224 8858');

INSERT INTO CUSTOMERS (CUSTOMERID, COMPANYNAME, CONTACTNAME, CONTACTTITLE, ADDRESS, CITY, REGION, POSTALCODE, COUNTRY, PHONE, FAX)  
VALUES ('WOLZA', 'Wolski  Zajazd', 'Zbyszek Piestrzeniewicz', 'Owner', 'ul. Filtrowa 68', 'Warszawa', '', '01-012', 'Poland', '(26) 642-7012', '(26) 642-7012');

INSERT INTO ORDERS (ORDERID, CUSTOMERID, EMPLOYEEID, TERRITORYID, ORDERDATE, REQUIREDDATE, SHIPPEDDATE, SHIPVIA, FREIGHT, SHIPNAME, SHIPADDRESS, SHIPCITY, SHIPREGION, SHIPPOSTALCODE, SHIPCOUNTRY)  
VALUES (10248.0, 'VINET', 5.0, '10019', CONVERT(DATE,'2021-07-04'), CONVERT(DATE,'2021-08-01'), CONVERT(DATE,'2021-07-16'), 3.0, 32.38, 'Vins et alcools Chevalier', '59 rue de l''Abbaye', 'Reims', '', '51100', 'France');

INSERT INTO ORDERS (ORDERID, CUSTOMERID, EMPLOYEEID, TERRITORYID, ORDERDATE, REQUIREDDATE, SHIPPEDDATE, SHIPVIA, FREIGHT, SHIPNAME, SHIPADDRESS, SHIPCITY, SHIPREGION, SHIPPOSTALCODE, SHIPCOUNTRY)  
VALUES (10249.0, 'TOMSP', 6.0, '85014', CONVERT(DATE,'2021-07-05'), CONVERT(DATE,'2021-08-16'), CONVERT(DATE,'2021-07-10'), 1.0, 11.61, 'Toms Spezialitaten', 'Luisenstr. 48', 'Munster', '', '44087', 'Germany');

INSERT INTO ORDERS (ORDERID, CUSTOMERID, EMPLOYEEID, TERRITORYID, ORDERDATE, REQUIREDDATE, SHIPPEDDATE, SHIPVIA, FREIGHT, SHIPNAME, SHIPADDRESS, SHIPCITY, SHIPREGION, SHIPPOSTALCODE, SHIPCOUNTRY)  
VALUES (10250.0, 'HANAR', 4.0, '27511', CONVERT(DATE,'2021-07-08'), CONVERT(DATE,'2021-08-05'), CONVERT(DATE,'2021-07-12'), 2.0, 65.83, 'Hanari Carnes', 'Rua do Paco, 67', 'Rio de Janeiro', 'RJ', '05454-876', 'Brazil');

INSERT INTO ORDERS (ORDERID, CUSTOMERID, EMPLOYEEID, TERRITORYID, ORDERDATE, REQUIREDDATE, SHIPPEDDATE, SHIPVIA, FREIGHT, SHIPNAME, SHIPADDRESS, SHIPCITY, SHIPREGION, SHIPPOSTALCODE, SHIPCOUNTRY)  
VALUES (10251.0, 'VICTE', 3.0, '30346', CONVERT(DATE,'2021-07-08'), CONVERT(DATE,'2021-08-05'), CONVERT(DATE,'2021-07-15'), 1.0, 41.34, 'Victuailles en stock', '2, rue du Commerce', 'Lyon', '', '69004', 'France');

INSERT INTO ORDERS (ORDERID, CUSTOMERID, EMPLOYEEID, TERRITORYID, ORDERDATE, REQUIREDDATE, SHIPPEDDATE, SHIPVIA, FREIGHT, SHIPNAME, SHIPADDRESS, SHIPCITY, SHIPREGION, SHIPPOSTALCODE, SHIPCOUNTRY)  
VALUES (10252.0, 'SUPRD', 4.0, '27511', CONVERT(DATE,'2021-07-09'), CONVERT(DATE,'2021-08-06'), CONVERT(DATE,'2021-07-11'), 2.0, 51.3, 'Supremes delices', 'Boulevard Tirou, 255', 'Charleroi', '', 'B-6000', 'Belgium');

INSERT INTO ORDERS (ORDERID, CUSTOMERID, EMPLOYEEID, TERRITORYID, ORDERDATE, REQUIREDDATE, SHIPPEDDATE, SHIPVIA, FREIGHT, SHIPNAME, SHIPADDRESS, SHIPCITY, SHIPREGION, SHIPPOSTALCODE, SHIPCOUNTRY)  
VALUES (10253.0, 'HANAR', 3.0, '30346', CONVERT(DATE,'2021-07-10'), CONVERT(DATE,'2021-07-24'), CONVERT(DATE,'2021-07-16'), 2.0, 58.17, 'Hanari Carnes', 'Rua do Paco, 67', 'Rio de Janeiro', 'RJ', '05454-876', 'Brazil');

INSERT INTO ORDERS (ORDERID, CUSTOMERID, EMPLOYEEID, TERRITORYID, ORDERDATE, REQUIREDDATE, SHIPPEDDATE, SHIPVIA, FREIGHT, SHIPNAME, SHIPADDRESS, SHIPCITY, SHIPREGION, SHIPPOSTALCODE, SHIPCOUNTRY)  
VALUES (10254.0, 'CHOPS', 5.0, '08837', CONVERT(DATE,'2021-07-11'), CONVERT(DATE,'2021-08-08'), CONVERT(DATE,'2021-07-23'), 2.0, 22.98, 'Chop-suey Chinese', 'Hauptstr. 31', 'Bern', '', '3012', 'Switzerland');

INSERT INTO ORDERS (ORDERID, CUSTOMERID, EMPLOYEEID, TERRITORYID, ORDERDATE, REQUIREDDATE, SHIPPEDDATE, SHIPVIA, FREIGHT, SHIPNAME, SHIPADDRESS, SHIPCITY, SHIPREGION, SHIPPOSTALCODE, SHIPCOUNTRY)  
VALUES (10255.0, 'RICSU', 9.0, '55439', CONVERT(DATE,'2021-07-12'), CONVERT(DATE,'2021-08-09'), CONVERT(DATE,'2021-07-15'), 3.0, 148.33, 'Richter Supermarkt', 'Starenweg 5', 'Geneve', '', '1204', 'Switzerland');

INSERT INTO ORDERS (ORDERID, CUSTOMERID, EMPLOYEEID, TERRITORYID, ORDERDATE, REQUIREDDATE, SHIPPEDDATE, SHIPVIA, FREIGHT, SHIPNAME, SHIPADDRESS, SHIPCITY, SHIPREGION, SHIPPOSTALCODE, SHIPCOUNTRY)  
VALUES (10256.0, 'WELLI', 3.0, '30346', CONVERT(DATE,'2021-07-15'), CONVERT(DATE,'2021-08-12'), CONVERT(DATE,'2021-07-17'), 2.0, 13.97, 'Wellington Importadora', 'Rua do Mercado, 12', 'Resende', 'SP', '08737-363', 'Brazil');

INSERT INTO ORDERS (ORDERID, CUSTOMERID, EMPLOYEEID, TERRITORYID, ORDERDATE, REQUIREDDATE, SHIPPEDDATE, SHIPVIA, FREIGHT, SHIPNAME, SHIPADDRESS, SHIPCITY, SHIPREGION, SHIPPOSTALCODE, SHIPCOUNTRY)  
VALUES (10257.0, 'HILAA', 4.0, '27511', CONVERT(DATE,'2021-07-16'), CONVERT(DATE,'2021-08-13'), CONVERT(DATE,'2021-07-22'), 3.0, 81.91, 'HILARION-Abastos', 'Carrera 22 con Ave. Carlos Soublette #8-35', 'San Cristobal', 'Tachira', '5022', 'Venezuela');

INSERT INTO ORDERS (ORDERID, CUSTOMERID, EMPLOYEEID, TERRITORYID, ORDERDATE, REQUIREDDATE, SHIPPEDDATE, SHIPVIA, FREIGHT, SHIPNAME, SHIPADDRESS, SHIPCITY, SHIPREGION, SHIPPOSTALCODE, SHIPCOUNTRY)  
VALUES (10258.0, 'ERNSH', 1.0, '06897', CONVERT(DATE,'2021-07-17'), CONVERT(DATE,'2021-08-14'), CONVERT(DATE,'2021-07-23'), 1.0, 140.51, 'Ernst Handel', 'Kirchgasse 6', 'Graz', '', '8010', 'Austria');

INSERT INTO ORDERS (ORDERID, CUSTOMERID, EMPLOYEEID, TERRITORYID, ORDERDATE, REQUIREDDATE, SHIPPEDDATE, SHIPVIA, FREIGHT, SHIPNAME, SHIPADDRESS, SHIPCITY, SHIPREGION, SHIPPOSTALCODE, SHIPCOUNTRY)  
VALUES (10259.0, 'CENTC', 4.0, '27511', CONVERT(DATE,'2021-07-18'), CONVERT(DATE,'2021-08-15'), CONVERT(DATE,'2021-07-25'), 3.0, 3.25, 'Centro comercial Moctezuma', 'Sierras de Granada 9993', 'Mexico D.F.', '', '05022', 'Mexico');

INSERT INTO ORDERS (ORDERID, CUSTOMERID, EMPLOYEEID, TERRITORYID, ORDERDATE, REQUIREDDATE, SHIPPEDDATE, SHIPVIA, FREIGHT, SHIPNAME, SHIPADDRESS, SHIPCITY, SHIPREGION, SHIPPOSTALCODE, SHIPCOUNTRY)  
VALUES (10260.0, 'OTTIK', 4.0, '27511', CONVERT(DATE,'2021-07-19'), CONVERT(DATE,'2021-08-16'), CONVERT(DATE,'2021-07-29'), 1.0, 55.09, 'Ottilies Kaseladen', 'Mehrheimerstr. 369', 'Koln', '', '50739', 'Germany');

INSERT INTO ORDERS (ORDERID, CUSTOMERID, EMPLOYEEID, TERRITORYID, ORDERDATE, REQUIREDDATE, SHIPPEDDATE, SHIPVIA, FREIGHT, SHIPNAME, SHIPADDRESS, SHIPCITY, SHIPREGION, SHIPPOSTALCODE, SHIPCOUNTRY)  
VALUES (10261.0, 'QUEDE', 4.0, '27511', CONVERT(DATE,'2021-07-19'), CONVERT(DATE,'2021-08-16'), CONVERT(DATE,'2021-07-30'), 2.0, 3.05, 'Que Delicia', 'Rua da Panificadora, 12', 'Rio de Janeiro', 'RJ', '02389-673', 'Brazil');

INSERT INTO ORDERS (ORDERID, CUSTOMERID, EMPLOYEEID, TERRITORYID, ORDERDATE, REQUIREDDATE, SHIPPEDDATE, SHIPVIA, FREIGHT, SHIPNAME, SHIPADDRESS, SHIPCITY, SHIPREGION, SHIPPOSTALCODE, SHIPCOUNTRY)  
VALUES (10262.0, 'RATTC', 8.0, '53404', CONVERT(DATE,'2021-07-22'), CONVERT(DATE,'2021-08-19'), CONVERT(DATE,'2021-07-25'), 3.0, 48.29, 'Rattlesnake Canyon Grocery', '2817 Milton Dr.', 'Albuquerque', 'NM', '87110', 'USA');

INSERT INTO ORDERS (ORDERID, CUSTOMERID, EMPLOYEEID, TERRITORYID, ORDERDATE, REQUIREDDATE, SHIPPEDDATE, SHIPVIA, FREIGHT, SHIPNAME, SHIPADDRESS, SHIPCITY, SHIPREGION, SHIPPOSTALCODE, SHIPCOUNTRY)  
VALUES (10263.0, 'ERNSH', 9.0, '55439', CONVERT(DATE,'2021-07-23'), CONVERT(DATE,'2021-08-20'), CONVERT(DATE,'2021-07-31'), 3.0, 146.06, 'Ernst Handel', 'Kirchgasse 6', 'Graz', '', '8010', 'Austria');

INSERT INTO ORDERS (ORDERID, CUSTOMERID, EMPLOYEEID, TERRITORYID, ORDERDATE, REQUIREDDATE, SHIPPEDDATE, SHIPVIA, FREIGHT, SHIPNAME, SHIPADDRESS, SHIPCITY, SHIPREGION, SHIPPOSTALCODE, SHIPCOUNTRY)  
VALUES (10264.0, 'FOLKO', 6.0, '85014', CONVERT(DATE,'2021-07-24'), CONVERT(DATE,'2021-08-21'), CONVERT(DATE,'2021-08-23'), 3.0, 3.67, 'Folk och fa HB', 'Akergatan 24', 'Bracke', '', 'S-844 67', 'Sweden');

INSERT INTO ORDERS (ORDERID, CUSTOMERID, EMPLOYEEID, TERRITORYID, ORDERDATE, REQUIREDDATE, SHIPPEDDATE, SHIPVIA, FREIGHT, SHIPNAME, SHIPADDRESS, SHIPCITY, SHIPREGION, SHIPPOSTALCODE, SHIPCOUNTRY)  
VALUES (10265.0, 'BLONP', 2.0, '02139', CONVERT(DATE,'2021-07-25'), CONVERT(DATE,'2021-08-22'), CONVERT(DATE,'2021-08-12'), 1.0, 55.28, 'Blondel pere et fils', '24, place Kleber', 'Strasbourg', '', '67000', 'France');

INSERT INTO ORDERS (ORDERID, CUSTOMERID, EMPLOYEEID, TERRITORYID, ORDERDATE, REQUIREDDATE, SHIPPEDDATE, SHIPVIA, FREIGHT, SHIPNAME, SHIPADDRESS, SHIPCITY, SHIPREGION, SHIPPOSTALCODE, SHIPCOUNTRY)  
VALUES (10266.0, 'WARTH', 3.0, '30346', CONVERT(DATE,'2021-07-26'), CONVERT(DATE,'2021-09-06'), CONVERT(DATE,'2021-07-31'), 3.0, 25.73, 'Wartian Herkku', 'Torikatu 38', 'Oulu', '', '90110', 'Finland');

INSERT INTO ORDERS (ORDERID, CUSTOMERID, EMPLOYEEID, TERRITORYID, ORDERDATE, REQUIREDDATE, SHIPPEDDATE, SHIPVIA, FREIGHT, SHIPNAME, SHIPADDRESS, SHIPCITY, SHIPREGION, SHIPPOSTALCODE, SHIPCOUNTRY)  
VALUES (10267.0, 'FRANK', 4.0, '27511', CONVERT(DATE,'2021-07-29'), CONVERT(DATE,'2021-08-26'), CONVERT(DATE,'2021-08-06'), 1.0, 208.58, 'Frankenversand', 'Berliner Platz 43', 'Munchen', '', '80805', 'Germany');

INSERT INTO ORDERS (ORDERID, CUSTOMERID, EMPLOYEEID, TERRITORYID, ORDERDATE, REQUIREDDATE, SHIPPEDDATE, SHIPVIA, FREIGHT, SHIPNAME, SHIPADDRESS, SHIPCITY, SHIPREGION, SHIPPOSTALCODE, SHIPCOUNTRY)  
VALUES (10268.0, 'GROSR', 8.0, '53404', CONVERT(DATE,'2021-07-30'), CONVERT(DATE,'2021-08-27'), CONVERT(DATE,'2021-08-02'), 3.0, 66.29, 'GROSELLA-Restaurante', '5ª Ave. Los Palos Grandes', 'Caracas', 'DF', '1081', 'Venezuela');

INSERT INTO ORDERS (ORDERID, CUSTOMERID, EMPLOYEEID, TERRITORYID, ORDERDATE, REQUIREDDATE, SHIPPEDDATE, SHIPVIA, FREIGHT, SHIPNAME, SHIPADDRESS, SHIPCITY, SHIPREGION, SHIPPOSTALCODE, SHIPCOUNTRY)  
VALUES (10269.0, 'WHITC', 5.0, '08837', CONVERT(DATE,'2021-07-31'), CONVERT(DATE,'2021-08-14'), CONVERT(DATE,'2021-08-09'), 1.0, 4.56, 'White Clover Markets', '1029 - 12th Ave. S.', 'Seattle', 'WA', '98124', 'USA');

INSERT INTO ORDERS (ORDERID, CUSTOMERID, EMPLOYEEID, TERRITORYID, ORDERDATE, REQUIREDDATE, SHIPPEDDATE, SHIPVIA, FREIGHT, SHIPNAME, SHIPADDRESS, SHIPCITY, SHIPREGION, SHIPPOSTALCODE, SHIPCOUNTRY)  
VALUES (10270.0, 'WARTH', 1.0, '06897', CONVERT(DATE,'2021-08-01'), CONVERT(DATE,'2021-08-29'), CONVERT(DATE,'2021-08-02'), 1.0, 136.54, 'Wartian Herkku', 'Torikatu 38', 'Oulu', '', '90110', 'Finland');

INSERT INTO ORDERS (ORDERID, CUSTOMERID, EMPLOYEEID, TERRITORYID, ORDERDATE, REQUIREDDATE, SHIPPEDDATE, SHIPVIA, FREIGHT, SHIPNAME, SHIPADDRESS, SHIPCITY, SHIPREGION, SHIPPOSTALCODE, SHIPCOUNTRY)  
VALUES (10271.0, 'SPLIR', 6.0, '85014', CONVERT(DATE,'2021-08-01'), CONVERT(DATE,'2021-08-29'), CONVERT(DATE,'2021-08-30'), 2.0, 4.54, 'Split Rail Beer Ale', 'P.O. Box 555', 'Lander', 'WY', '82520', 'USA');

INSERT INTO ORDERS (ORDERID, CUSTOMERID, EMPLOYEEID, TERRITORYID, ORDERDATE, REQUIREDDATE, SHIPPEDDATE, SHIPVIA, FREIGHT, SHIPNAME, SHIPADDRESS, SHIPCITY, SHIPREGION, SHIPPOSTALCODE, SHIPCOUNTRY)  
VALUES (10272.0, 'RATTC', 6.0, '85014', CONVERT(DATE,'2021-08-02'), CONVERT(DATE,'2021-08-30'), CONVERT(DATE,'2021-08-06'), 2.0, 98.03, 'Rattlesnake Canyon Grocery', '2817 Milton Dr.', 'Albuquerque', 'NM', '87110', 'USA');

INSERT INTO ORDERS (ORDERID, CUSTOMERID, EMPLOYEEID, TERRITORYID, ORDERDATE, REQUIREDDATE, SHIPPEDDATE, SHIPVIA, FREIGHT, SHIPNAME, SHIPADDRESS, SHIPCITY, SHIPREGION, SHIPPOSTALCODE, SHIPCOUNTRY)  
VALUES (10273.0, 'QUICK', 3.0, '30346', CONVERT(DATE,'2021-08-05'), CONVERT(DATE,'2021-09-02'), CONVERT(DATE,'2021-08-12'), 3.0, 76.07, 'QUICK-Stop', 'Taucherstrabe 10', 'Cunewalde', '', '01307', 'Germany');

INSERT INTO ORDERS (ORDERID, CUSTOMERID, EMPLOYEEID, TERRITORYID, ORDERDATE, REQUIREDDATE, SHIPPEDDATE, SHIPVIA, FREIGHT, SHIPNAME, SHIPADDRESS, SHIPCITY, SHIPREGION, SHIPPOSTALCODE, SHIPCOUNTRY)  
VALUES (10274.0, 'VINET', 6.0, '85014', CONVERT(DATE,'2021-08-06'), CONVERT(DATE,'2021-09-03'), CONVERT(DATE,'2021-08-16'), 1.0, 6.01, 'Vins et alcools Chevalier', '59 rue de l''Abbaye', 'Reims', '', '51100', 'France');

INSERT INTO ORDERS (ORDERID, CUSTOMERID, EMPLOYEEID, TERRITORYID, ORDERDATE, REQUIREDDATE, SHIPPEDDATE, SHIPVIA, FREIGHT, SHIPNAME, SHIPADDRESS, SHIPCITY, SHIPREGION, SHIPPOSTALCODE, SHIPCOUNTRY)  
VALUES (10275.0, 'MAGAA', 1.0, '06897', CONVERT(DATE,'2021-08-07'), CONVERT(DATE,'2021-09-04'), CONVERT(DATE,'2021-08-09'), 1.0, 26.93, 'Magazzini Alimentari Riuniti', 'Via Ludovico il Moro 22', 'Bergamo', '', '24100', 'Italy');

INSERT INTO ORDERS (ORDERID, CUSTOMERID, EMPLOYEEID, TERRITORYID, ORDERDATE, REQUIREDDATE, SHIPPEDDATE, SHIPVIA, FREIGHT, SHIPNAME, SHIPADDRESS, SHIPCITY, SHIPREGION, SHIPPOSTALCODE, SHIPCOUNTRY)  
VALUES (10276.0, 'TORTU', 8.0, '53404', CONVERT(DATE,'2021-08-08'), CONVERT(DATE,'2021-08-22'), CONVERT(DATE,'2021-08-14'), 3.0, 13.84, 'Tortuga Restaurante', 'Avda. Azteca 123', 'Mexico D.F.', '', '05033', 'Mexico');

INSERT INTO ORDERS (ORDERID, CUSTOMERID, EMPLOYEEID, TERRITORYID, ORDERDATE, REQUIREDDATE, SHIPPEDDATE, SHIPVIA, FREIGHT, SHIPNAME, SHIPADDRESS, SHIPCITY, SHIPREGION, SHIPPOSTALCODE, SHIPCOUNTRY)  
VALUES (10277.0, 'MORGK', 2.0, '02139', CONVERT(DATE,'2021-08-09'), CONVERT(DATE,'2021-09-06'), CONVERT(DATE,'2021-08-13'), 3.0, 125.77, 'Morgenstern Gesundkost', 'Heerstr. 22', 'Leipzig', '', '04179', 'Germany');

INSERT INTO ORDERS (ORDERID, CUSTOMERID, EMPLOYEEID, TERRITORYID, ORDERDATE, REQUIREDDATE, SHIPPEDDATE, SHIPVIA, FREIGHT, SHIPNAME, SHIPADDRESS, SHIPCITY, SHIPREGION, SHIPPOSTALCODE, SHIPCOUNTRY)  
VALUES (10278.0, 'BERGS', 8.0, '53404', CONVERT(DATE,'2021-08-12'), CONVERT(DATE,'2021-09-09'), CONVERT(DATE,'2021-08-16'), 2.0, 92.69, 'Berglunds snabbkop', 'Berguvsvagen  8', 'LuleA', '', 'S-958 22', 'Sweden');

INSERT INTO ORDERS (ORDERID, CUSTOMERID, EMPLOYEEID, TERRITORYID, ORDERDATE, REQUIREDDATE, SHIPPEDDATE, SHIPVIA, FREIGHT, SHIPNAME, SHIPADDRESS, SHIPCITY, SHIPREGION, SHIPPOSTALCODE, SHIPCOUNTRY)  
VALUES (10279.0, 'LEHMS', 8.0, '53404', CONVERT(DATE,'2021-08-13'), CONVERT(DATE,'2021-09-10'), CONVERT(DATE,'2021-08-16'), 2.0, 25.83, 'Lehmanns Marktstand', 'Magazinweg 7', 'Frankfurt a.M.', '', '60528', 'Germany');

INSERT INTO ORDERS (ORDERID, CUSTOMERID, EMPLOYEEID, TERRITORYID, ORDERDATE, REQUIREDDATE, SHIPPEDDATE, SHIPVIA, FREIGHT, SHIPNAME, SHIPADDRESS, SHIPCITY, SHIPREGION, SHIPPOSTALCODE, SHIPCOUNTRY)  
VALUES (10280.0, 'BERGS', 2.0, '02139', CONVERT(DATE,'2021-08-14'), CONVERT(DATE,'2021-09-11'), CONVERT(DATE,'2021-09-12'), 1.0, 8.98, 'Berglunds snabbkop', 'Berguvsvagen  8', 'LuleA', '', 'S-958 22', 'Sweden');

INSERT INTO ORDERS (ORDERID, CUSTOMERID, EMPLOYEEID, TERRITORYID, ORDERDATE, REQUIREDDATE, SHIPPEDDATE, SHIPVIA, FREIGHT, SHIPNAME, SHIPADDRESS, SHIPCITY, SHIPREGION, SHIPPOSTALCODE, SHIPCOUNTRY)  
VALUES (10281.0, 'ROMEY', 4.0, '27511', CONVERT(DATE,'2021-08-14'), CONVERT(DATE,'2021-08-28'), CONVERT(DATE,'2021-08-21'), 1.0, 2.94, 'Romero y tomillo', 'Gran Via, 1', 'Madrid', '', '28001', 'Spain');

INSERT INTO ORDERS (ORDERID, CUSTOMERID, EMPLOYEEID, TERRITORYID, ORDERDATE, REQUIREDDATE, SHIPPEDDATE, SHIPVIA, FREIGHT, SHIPNAME, SHIPADDRESS, SHIPCITY, SHIPREGION, SHIPPOSTALCODE, SHIPCOUNTRY)  
VALUES (10282.0, 'ROMEY', 4.0, '27511', CONVERT(DATE,'2021-08-15'), CONVERT(DATE,'2021-09-12'), CONVERT(DATE,'2021-08-21'), 1.0, 12.69, 'Romero y tomillo', 'Gran Via, 1', 'Madrid', '', '28001', 'Spain');

INSERT INTO ORDERS (ORDERID, CUSTOMERID, EMPLOYEEID, TERRITORYID, ORDERDATE, REQUIREDDATE, SHIPPEDDATE, SHIPVIA, FREIGHT, SHIPNAME, SHIPADDRESS, SHIPCITY, SHIPREGION, SHIPPOSTALCODE, SHIPCOUNTRY)  
VALUES (10283.0, 'LILAS', 3.0, '30346', CONVERT(DATE,'2021-08-16'), CONVERT(DATE,'2021-09-13'), null, 3.0, 84.81, 'LILA-Supermercado', 'Carrera 52 con Ave. Bolivar #65-98 Llano Largo', 'Barquisimeto', 'Lara', '3508', 'Venezuela');

INSERT INTO ORDERS (ORDERID, CUSTOMERID, EMPLOYEEID, TERRITORYID, ORDERDATE, REQUIREDDATE, SHIPPEDDATE, SHIPVIA, FREIGHT, SHIPNAME, SHIPADDRESS, SHIPCITY, SHIPREGION, SHIPPOSTALCODE, SHIPCOUNTRY)  
VALUES (10284.0, 'LEHMS', 4.0, '27511', CONVERT(DATE,'2021-08-19'), CONVERT(DATE,'2021-09-16'), CONVERT(DATE,'2021-08-27'), 1.0, 76.56, 'Lehmanns Marktstand', 'Magazinweg 7', 'Frankfurt a.M.', '', '60528', 'Germany');

INSERT INTO ORDERS (ORDERID, CUSTOMERID, EMPLOYEEID, TERRITORYID, ORDERDATE, REQUIREDDATE, SHIPPEDDATE, SHIPVIA, FREIGHT, SHIPNAME, SHIPADDRESS, SHIPCITY, SHIPREGION, SHIPPOSTALCODE, SHIPCOUNTRY)  
VALUES (10285.0, 'QUICK', 1.0, '06897', CONVERT(DATE,'2021-08-20'), CONVERT(DATE,'2021-09-17'), CONVERT(DATE,'2021-08-26'), 2.0, 76.83, 'QUICK-Stop', 'Taucherstrabe 10', 'Cunewalde', '', '01307', 'Germany');

INSERT INTO ORDERS (ORDERID, CUSTOMERID, EMPLOYEEID, TERRITORYID, ORDERDATE, REQUIREDDATE, SHIPPEDDATE, SHIPVIA, FREIGHT, SHIPNAME, SHIPADDRESS, SHIPCITY, SHIPREGION, SHIPPOSTALCODE, SHIPCOUNTRY)  
VALUES (10286.0, 'QUICK', 8.0, '53404', CONVERT(DATE,'2021-08-21'), CONVERT(DATE,'2021-09-18'), CONVERT(DATE,'2021-08-30'), 3.0, 229.24, 'QUICK-Stop', 'Taucherstrabe 10', 'Cunewalde', '', '01307', 'Germany');

INSERT INTO ORDERS (ORDERID, CUSTOMERID, EMPLOYEEID, TERRITORYID, ORDERDATE, REQUIREDDATE, SHIPPEDDATE, SHIPVIA, FREIGHT, SHIPNAME, SHIPADDRESS, SHIPCITY, SHIPREGION, SHIPPOSTALCODE, SHIPCOUNTRY)  
VALUES (10287.0, 'RICAR', 8.0, '45839', CONVERT(DATE,'2021-08-22'), CONVERT(DATE,'2021-09-19'), CONVERT(DATE,'2021-08-28'), 3.0, 12.76, 'Ricardo Adocicados', 'Av. Copacabana, 267', 'Rio de Janeiro', 'RJ', '02389-890', 'Brazil');

INSERT INTO ORDERS (ORDERID, CUSTOMERID, EMPLOYEEID, TERRITORYID, ORDERDATE, REQUIREDDATE, SHIPPEDDATE, SHIPVIA, FREIGHT, SHIPNAME, SHIPADDRESS, SHIPCITY, SHIPREGION, SHIPPOSTALCODE, SHIPCOUNTRY)  
VALUES (10288.0, 'REGGC', 4.0, '20852', CONVERT(DATE,'2021-08-23'), CONVERT(DATE,'2021-09-20'), CONVERT(DATE,'2021-09-03'), 1.0, 7.45, 'Reggiani Caseifici', 'Strada Provinciale 124', 'Reggio Emilia', '', '42100', 'Italy');

INSERT INTO ORDERS (ORDERID, CUSTOMERID, EMPLOYEEID, TERRITORYID, ORDERDATE, REQUIREDDATE, SHIPPEDDATE, SHIPVIA, FREIGHT, SHIPNAME, SHIPADDRESS, SHIPCITY, SHIPREGION, SHIPPOSTALCODE, SHIPCOUNTRY)  
VALUES (10289.0, 'BSBEV', 7.0, '94105', CONVERT(DATE,'2021-08-26'), CONVERT(DATE,'2021-09-23'), CONVERT(DATE,'2021-08-28'), 3.0, 22.77, 'B''s Beverages', 'Fauntleroy Circus', 'London', '', 'EC2 5NT', 'UK');

INSERT INTO ORDERS (ORDERID, CUSTOMERID, EMPLOYEEID, TERRITORYID, ORDERDATE, REQUIREDDATE, SHIPPEDDATE, SHIPVIA, FREIGHT, SHIPNAME, SHIPADDRESS, SHIPCITY, SHIPREGION, SHIPPOSTALCODE, SHIPCOUNTRY)  
VALUES (10290.0, 'COMMI', 8.0, '45839', CONVERT(DATE,'2021-08-27'), CONVERT(DATE,'2021-09-24'), CONVERT(DATE,'2021-09-03'), 1.0, 79.7, 'Comercio Mineiro', 'Av. dos Lusiadas, 23', 'Sao Paulo', 'SP', '05432-043', 'Brazil');

INSERT INTO ORDERS (ORDERID, CUSTOMERID, EMPLOYEEID, TERRITORYID, ORDERDATE, REQUIREDDATE, SHIPPEDDATE, SHIPVIA, FREIGHT, SHIPNAME, SHIPADDRESS, SHIPCITY, SHIPREGION, SHIPPOSTALCODE, SHIPCOUNTRY)  
VALUES (10291.0, 'QUEDE', 6.0, '85014', CONVERT(DATE,'2021-08-27'), CONVERT(DATE,'2021-09-24'), CONVERT(DATE,'2021-09-04'), 2.0, 6.4, 'Que Delicia', 'Rua da Panificadora, 12', 'Rio de Janeiro', 'RJ', '02389-673', 'Brazil');

INSERT INTO ORDERS (ORDERID, CUSTOMERID, EMPLOYEEID, TERRITORYID, ORDERDATE, REQUIREDDATE, SHIPPEDDATE, SHIPVIA, FREIGHT, SHIPNAME, SHIPADDRESS, SHIPCITY, SHIPREGION, SHIPPOSTALCODE, SHIPCOUNTRY)  
VALUES (10292.0, 'TRADH', 1.0, '06897', CONVERT(DATE,'2021-08-28'), CONVERT(DATE,'2021-09-25'), CONVERT(DATE,'2021-09-02'), 2.0, 1.35, 'Tradicao Hipermercados', 'Av. Ines de Castro, 414', 'Sao Paulo', 'SP', '05634-030', 'Brazil');

INSERT INTO ORDERS (ORDERID, CUSTOMERID, EMPLOYEEID, TERRITORYID, ORDERDATE, REQUIREDDATE, SHIPPEDDATE, SHIPVIA, FREIGHT, SHIPNAME, SHIPADDRESS, SHIPCITY, SHIPREGION, SHIPPOSTALCODE, SHIPCOUNTRY)  
VALUES (10293.0, 'TORTU', 1.0, '06897', CONVERT(DATE,'2021-08-29'), CONVERT(DATE,'2021-09-26'), CONVERT(DATE,'2021-09-11'), 3.0, 21.18, 'Tortuga Restaurante', 'Avda. Azteca 123', 'Mexico D.F.', '', '05033', 'Mexico');

INSERT INTO ORDERS (ORDERID, CUSTOMERID, EMPLOYEEID, TERRITORYID, ORDERDATE, REQUIREDDATE, SHIPPEDDATE, SHIPVIA, FREIGHT, SHIPNAME, SHIPADDRESS, SHIPCITY, SHIPREGION, SHIPPOSTALCODE, SHIPCOUNTRY)  
VALUES (10294.0, 'RATTC', 4.0, '20852', CONVERT(DATE,'2021-08-30'), CONVERT(DATE,'2021-09-27'), CONVERT(DATE,'2021-09-05'), 2.0, 147.26, 'Rattlesnake Canyon Grocery', '2817 Milton Dr.', 'Albuquerque', 'NM', '87110', 'USA');

INSERT INTO ORDERS (ORDERID, CUSTOMERID, EMPLOYEEID, TERRITORYID, ORDERDATE, REQUIREDDATE, SHIPPEDDATE, SHIPVIA, FREIGHT, SHIPNAME, SHIPADDRESS, SHIPCITY, SHIPREGION, SHIPPOSTALCODE, SHIPCOUNTRY)  
VALUES (10295.0, 'VINET', 2.0, '01833', CONVERT(DATE,'2021-09-02'), CONVERT(DATE,'2021-09-30'), CONVERT(DATE,'2021-09-10'), 2.0, 1.15, 'Vins et alcools Chevalier', '59 rue de l''Abbaye', 'Reims', '', '51100', 'France');

INSERT INTO ORDERS (ORDERID, CUSTOMERID, EMPLOYEEID, TERRITORYID, ORDERDATE, REQUIREDDATE, SHIPPEDDATE, SHIPVIA, FREIGHT, SHIPNAME, SHIPADDRESS, SHIPCITY, SHIPREGION, SHIPPOSTALCODE, SHIPCOUNTRY)  
VALUES (10296.0, 'LILAS', 6.0, '85014', CONVERT(DATE,'2021-09-03'), CONVERT(DATE,'2021-10-01'), CONVERT(DATE,'2021-09-11'), 1.0, 0.12, 'LILA-Supermercado', 'Carrera 52 con Ave. Bolivar #65-98 Llano Largo', 'Barquisimeto', 'Lara', '3508', 'Venezuela');

INSERT INTO ORDERS (ORDERID, CUSTOMERID, EMPLOYEEID, TERRITORYID, ORDERDATE, REQUIREDDATE, SHIPPEDDATE, SHIPVIA, FREIGHT, SHIPNAME, SHIPADDRESS, SHIPCITY, SHIPREGION, SHIPPOSTALCODE, SHIPCOUNTRY)  
VALUES (10297.0, 'BLONP', 5.0, '07960', CONVERT(DATE,'2021-09-04'), CONVERT(DATE,'2021-10-16'), CONVERT(DATE,'2021-09-10'), 2.0, 5.74, 'Blondel pere et fils', '24, place Kleber', 'Strasbourg', '', '67000', 'France');

INSERT INTO ORDERS (ORDERID, CUSTOMERID, EMPLOYEEID, TERRITORYID, ORDERDATE, REQUIREDDATE, SHIPPEDDATE, SHIPVIA, FREIGHT, SHIPNAME, SHIPADDRESS, SHIPCITY, SHIPREGION, SHIPPOSTALCODE, SHIPCOUNTRY)  
VALUES (10298.0, 'HUNGO', 6.0, '85014', CONVERT(DATE,'2021-09-05'), CONVERT(DATE,'2021-10-03'), CONVERT(DATE,'2021-09-11'), 2.0, 168.22, 'Hungry Owl All-Night Grocers', '8 Johnstown Road', 'Cork', 'Co. Cork', '', 'Ireland');

INSERT INTO ORDERS (ORDERID, CUSTOMERID, EMPLOYEEID, TERRITORYID, ORDERDATE, REQUIREDDATE, SHIPPEDDATE, SHIPVIA, FREIGHT, SHIPNAME, SHIPADDRESS, SHIPCITY, SHIPREGION, SHIPPOSTALCODE, SHIPCOUNTRY)  
VALUES (10299.0, 'RICAR', 4.0, '20852', CONVERT(DATE,'2021-09-06'), CONVERT(DATE,'2021-10-04'), CONVERT(DATE,'2021-09-13'), 2.0, 29.76, 'Ricardo Adocicados', 'Av. Copacabana, 267', 'Rio de Janeiro', 'RJ', '02389-890', 'Brazil');

INSERT INTO ORDERS (ORDERID, CUSTOMERID, EMPLOYEEID, TERRITORYID, ORDERDATE, REQUIREDDATE, SHIPPEDDATE, SHIPVIA, FREIGHT, SHIPNAME, SHIPADDRESS, SHIPCITY, SHIPREGION, SHIPPOSTALCODE, SHIPCOUNTRY)  
VALUES (10300.0, 'MAGAA', 2.0, '01833', CONVERT(DATE,'2021-09-09'), CONVERT(DATE,'2021-10-07'), CONVERT(DATE,'2021-09-18'), 2.0, 17.68, 'Magazzini Alimentari Riuniti', 'Via Ludovico il Moro 22', 'Bergamo', '', '24100', 'Italy');

INSERT INTO ORDERS (ORDERID, CUSTOMERID, EMPLOYEEID, TERRITORYID, ORDERDATE, REQUIREDDATE, SHIPPEDDATE, SHIPVIA, FREIGHT, SHIPNAME, SHIPADDRESS, SHIPCITY, SHIPREGION, SHIPPOSTALCODE, SHIPCOUNTRY)  
VALUES (10301.0, 'WANDK', 8.0, '45839', CONVERT(DATE,'2021-09-09'), CONVERT(DATE,'2021-10-07'), CONVERT(DATE,'2021-09-17'), 2.0, 45.08, 'Die Wandernde Kuh', 'Adenauerallee 900', 'Stuttgart', '', '70563', 'Germany');

INSERT INTO ORDERS (ORDERID, CUSTOMERID, EMPLOYEEID, TERRITORYID, ORDERDATE, REQUIREDDATE, SHIPPEDDATE, SHIPVIA, FREIGHT, SHIPNAME, SHIPADDRESS, SHIPCITY, SHIPREGION, SHIPPOSTALCODE, SHIPCOUNTRY)  
VALUES (10302.0, 'SUPRD', 4.0, '20852', CONVERT(DATE,'2021-09-10'), CONVERT(DATE,'2021-10-08'), CONVERT(DATE,'2021-10-09'), 2.0, 6.27, 'Supremes delices', 'Boulevard Tirou, 255', 'Charleroi', '', 'B-6000', 'Belgium');

INSERT INTO ORDERS (ORDERID, CUSTOMERID, EMPLOYEEID, TERRITORYID, ORDERDATE, REQUIREDDATE, SHIPPEDDATE, SHIPVIA, FREIGHT, SHIPNAME, SHIPADDRESS, SHIPCITY, SHIPREGION, SHIPPOSTALCODE, SHIPCOUNTRY)  
VALUES (10303.0, 'GODOS', 7.0, '80202', CONVERT(DATE,'2021-09-11'), CONVERT(DATE,'2021-10-09'), CONVERT(DATE,'2021-09-18'), 2.0, 107.83, 'Godos Cocina Tipica', 'C/ Romero, 33', 'Sevilla', '', '41101', 'Spain');

INSERT INTO ORDERS (ORDERID, CUSTOMERID, EMPLOYEEID, TERRITORYID, ORDERDATE, REQUIREDDATE, SHIPPEDDATE, SHIPVIA, FREIGHT, SHIPNAME, SHIPADDRESS, SHIPCITY, SHIPREGION, SHIPPOSTALCODE, SHIPCOUNTRY)  
VALUES (10304.0, 'TORTU', 1.0, '19713', CONVERT(DATE,'2021-09-12'), CONVERT(DATE,'2021-10-10'), CONVERT(DATE,'2021-09-17'), 2.0, 63.79, 'Tortuga Restaurante', 'Avda. Azteca 123', 'Mexico D.F.', '', '05033', 'Mexico');

INSERT INTO ORDERS (ORDERID, CUSTOMERID, EMPLOYEEID, TERRITORYID, ORDERDATE, REQUIREDDATE, SHIPPEDDATE, SHIPVIA, FREIGHT, SHIPNAME, SHIPADDRESS, SHIPCITY, SHIPREGION, SHIPPOSTALCODE, SHIPCOUNTRY)  
VALUES (10305.0, 'OLDWO', 8.0, '19428', CONVERT(DATE,'2021-09-13'), CONVERT(DATE,'2021-10-11'), CONVERT(DATE,'2021-10-09'), 3.0, 257.62, 'Old World Delicatessen', '2743 Bering St.', 'Anchorage', 'AK', '99508', 'USA');

INSERT INTO ORDERS (ORDERID, CUSTOMERID, EMPLOYEEID, TERRITORYID, ORDERDATE, REQUIREDDATE, SHIPPEDDATE, SHIPVIA, FREIGHT, SHIPNAME, SHIPADDRESS, SHIPCITY, SHIPREGION, SHIPPOSTALCODE, SHIPCOUNTRY)  
VALUES (10306.0, 'ROMEY', 1.0, '19713', CONVERT(DATE,'2021-09-16'), CONVERT(DATE,'2021-10-14'), CONVERT(DATE,'2021-09-23'), 3.0, 7.56, 'Romero y tomillo', 'Gran Via, 1', 'Madrid', '', '28001', 'Spain');

INSERT INTO ORDERS (ORDERID, CUSTOMERID, EMPLOYEEID, TERRITORYID, ORDERDATE, REQUIREDDATE, SHIPPEDDATE, SHIPVIA, FREIGHT, SHIPNAME, SHIPADDRESS, SHIPCITY, SHIPREGION, SHIPPOSTALCODE, SHIPCOUNTRY)  
VALUES (10307.0, 'LONEP', 2.0, '01730', CONVERT(DATE,'2021-09-17'), CONVERT(DATE,'2021-10-15'), CONVERT(DATE,'2021-09-25'), 2.0, 0.56, 'Lonesome Pine Restaurant', '89 Chiaroscuro Rd.', 'Portland', 'OR', '97219', 'USA');

INSERT INTO ORDERS (ORDERID, CUSTOMERID, EMPLOYEEID, TERRITORYID, ORDERDATE, REQUIREDDATE, SHIPPEDDATE, SHIPVIA, FREIGHT, SHIPNAME, SHIPADDRESS, SHIPCITY, SHIPREGION, SHIPPOSTALCODE, SHIPCOUNTRY)  
VALUES (10308.0, 'ANATR', 7.0, '80202', CONVERT(DATE,'2021-09-18'), CONVERT(DATE,'2021-10-16'), CONVERT(DATE,'2021-09-24'), 3.0, 1.61, 'Ana Trujillo Emparedados y helados', 'Avda. de la Constitucion 2222', 'Mexico D.F.', '', '05021', 'Mexico');

INSERT INTO ORDERS (ORDERID, CUSTOMERID, EMPLOYEEID, TERRITORYID, ORDERDATE, REQUIREDDATE, SHIPPEDDATE, SHIPVIA, FREIGHT, SHIPNAME, SHIPADDRESS, SHIPCITY, SHIPREGION, SHIPPOSTALCODE, SHIPCOUNTRY)  
VALUES (10309.0, 'HUNGO', 3.0, '33607', CONVERT(DATE,'2021-09-19'), CONVERT(DATE,'2021-10-17'), CONVERT(DATE,'2021-10-23'), 1.0, 47.3, 'Hungry Owl All-Night Grocers', '8 Johnstown Road', 'Cork', 'Co. Cork', '', 'Ireland');

INSERT INTO ORDERS (ORDERID, CUSTOMERID, EMPLOYEEID, TERRITORYID, ORDERDATE, REQUIREDDATE, SHIPPEDDATE, SHIPVIA, FREIGHT, SHIPNAME, SHIPADDRESS, SHIPCITY, SHIPREGION, SHIPPOSTALCODE, SHIPCOUNTRY)  
VALUES (10310.0, 'THEBI', 8.0, '19428', CONVERT(DATE,'2021-09-20'), CONVERT(DATE,'2021-10-18'), CONVERT(DATE,'2021-09-27'), 2.0, 17.52, 'The Big Cheese', '89 Jefferson Way Suite 2', 'Portland', 'OR', '97201', 'USA');

INSERT INTO ORDERS (ORDERID, CUSTOMERID, EMPLOYEEID, TERRITORYID, ORDERDATE, REQUIREDDATE, SHIPPEDDATE, SHIPVIA, FREIGHT, SHIPNAME, SHIPADDRESS, SHIPCITY, SHIPREGION, SHIPPOSTALCODE, SHIPCOUNTRY)  
VALUES (10311.0, 'DUMON', 1.0, '19713', CONVERT(DATE,'2021-09-20'), CONVERT(DATE,'2021-10-04'), CONVERT(DATE,'2021-09-26'), 3.0, 24.69, 'Du monde entier', '67, rue des Cinquante Otages', 'Nantes', '', '44000', 'France');

INSERT INTO ORDERS (ORDERID, CUSTOMERID, EMPLOYEEID, TERRITORYID, ORDERDATE, REQUIREDDATE, SHIPPEDDATE, SHIPVIA, FREIGHT, SHIPNAME, SHIPADDRESS, SHIPCITY, SHIPREGION, SHIPPOSTALCODE, SHIPCOUNTRY)  
VALUES (10312.0, 'WANDK', 2.0, '01730', CONVERT(DATE,'2021-09-23'), CONVERT(DATE,'2021-10-21'), CONVERT(DATE,'2021-10-03'), 2.0, 40.26, 'Die Wandernde Kuh', 'Adenauerallee 900', 'Stuttgart', '', '70563', 'Germany');

INSERT INTO ORDERS (ORDERID, CUSTOMERID, EMPLOYEEID, TERRITORYID, ORDERDATE, REQUIREDDATE, SHIPPEDDATE, SHIPVIA, FREIGHT, SHIPNAME, SHIPADDRESS, SHIPCITY, SHIPREGION, SHIPPOSTALCODE, SHIPCOUNTRY)  
VALUES (10313.0, 'QUICK', 2.0, '01730', CONVERT(DATE,'2021-09-24'), CONVERT(DATE,'2021-10-22'), CONVERT(DATE,'2021-10-04'), 2.0, 1.96, 'QUICK-Stop', 'Taucherstrabe 10', 'Cunewalde', '', '01307', 'Germany');

INSERT INTO ORDERS (ORDERID, CUSTOMERID, EMPLOYEEID, TERRITORYID, ORDERDATE, REQUIREDDATE, SHIPPEDDATE, SHIPVIA, FREIGHT, SHIPNAME, SHIPADDRESS, SHIPCITY, SHIPREGION, SHIPPOSTALCODE, SHIPCOUNTRY)  
VALUES (10314.0, 'RATTC', 1.0, '19713', CONVERT(DATE,'2021-09-25'), CONVERT(DATE,'2021-10-23'), CONVERT(DATE,'2021-10-04'), 2.0, 74.16, 'Rattlesnake Canyon Grocery', '2817 Milton Dr.', 'Albuquerque', 'NM', '87110', 'USA');

INSERT INTO ORDERS (ORDERID, CUSTOMERID, EMPLOYEEID, TERRITORYID, ORDERDATE, REQUIREDDATE, SHIPPEDDATE, SHIPVIA, FREIGHT, SHIPNAME, SHIPADDRESS, SHIPCITY, SHIPREGION, SHIPPOSTALCODE, SHIPCOUNTRY)  
VALUES (10315.0, 'ISLAT', 4.0, '27511', CONVERT(DATE,'2021-09-26'), CONVERT(DATE,'2021-10-24'), CONVERT(DATE,'2021-10-03'), 2.0, 41.76, 'Island Trading', 'Garden House Crowther Way', 'Cowes', 'Isle of Wight', 'PO31 7PJ', 'UK');

INSERT INTO ORDERS (ORDERID, CUSTOMERID, EMPLOYEEID, TERRITORYID, ORDERDATE, REQUIREDDATE, SHIPPEDDATE, SHIPVIA, FREIGHT, SHIPNAME, SHIPADDRESS, SHIPCITY, SHIPREGION, SHIPPOSTALCODE, SHIPCOUNTRY)  
VALUES (10316.0, 'RATTC', 1.0, '19713', CONVERT(DATE,'2021-09-27'), CONVERT(DATE,'2021-10-25'), CONVERT(DATE,'2021-10-08'), 3.0, 150.15, 'Rattlesnake Canyon Grocery', '2817 Milton Dr.', 'Albuquerque', 'NM', '87110', 'USA');

INSERT INTO ORDERS (ORDERID, CUSTOMERID, EMPLOYEEID, TERRITORYID, ORDERDATE, REQUIREDDATE, SHIPPEDDATE, SHIPVIA, FREIGHT, SHIPNAME, SHIPADDRESS, SHIPCITY, SHIPREGION, SHIPPOSTALCODE, SHIPCOUNTRY)  
VALUES (10317.0, 'LONEP', 6.0, '98104', CONVERT(DATE,'2021-09-30'), CONVERT(DATE,'2021-10-28'), CONVERT(DATE,'2021-10-10'), 1.0, 12.69, 'Lonesome Pine Restaurant', '89 Chiaroscuro Rd.', 'Portland', 'OR', '97219', 'USA');

INSERT INTO ORDERS (ORDERID, CUSTOMERID, EMPLOYEEID, TERRITORYID, ORDERDATE, REQUIREDDATE, SHIPPEDDATE, SHIPVIA, FREIGHT, SHIPNAME, SHIPADDRESS, SHIPCITY, SHIPREGION, SHIPPOSTALCODE, SHIPCOUNTRY)  
VALUES (10318.0, 'ISLAT', 8.0, '19428', CONVERT(DATE,'2021-10-01'), CONVERT(DATE,'2021-10-29'), CONVERT(DATE,'2021-10-04'), 2.0, 4.73, 'Island Trading', 'Garden House Crowther Way', 'Cowes', 'Isle of Wight', 'PO31 7PJ', 'UK');

INSERT INTO ORDERS (ORDERID, CUSTOMERID, EMPLOYEEID, TERRITORYID, ORDERDATE, REQUIREDDATE, SHIPPEDDATE, SHIPVIA, FREIGHT, SHIPNAME, SHIPADDRESS, SHIPCITY, SHIPREGION, SHIPPOSTALCODE, SHIPCOUNTRY)  
VALUES (10319.0, 'TORTU', 7.0, '80202', CONVERT(DATE,'2021-10-02'), CONVERT(DATE,'2021-10-30'), CONVERT(DATE,'2021-10-11'), 3.0, 64.5, 'Tortuga Restaurante', 'Avda. Azteca 123', 'Mexico D.F.', '', '05033', 'Mexico');

INSERT INTO ORDERS (ORDERID, CUSTOMERID, EMPLOYEEID, TERRITORYID, ORDERDATE, REQUIREDDATE, SHIPPEDDATE, SHIPVIA, FREIGHT, SHIPNAME, SHIPADDRESS, SHIPCITY, SHIPREGION, SHIPPOSTALCODE, SHIPCOUNTRY)  
VALUES (10320.0, 'WARTH', 5.0, '11747', CONVERT(DATE,'2021-10-03'), CONVERT(DATE,'2021-10-17'), CONVERT(DATE,'2021-10-18'), 3.0, 34.57, 'Wartian Herkku', 'Torikatu 38', 'Oulu', '', '90110', 'Finland');

INSERT INTO ORDERS (ORDERID, CUSTOMERID, EMPLOYEEID, TERRITORYID, ORDERDATE, REQUIREDDATE, SHIPPEDDATE, SHIPVIA, FREIGHT, SHIPNAME, SHIPADDRESS, SHIPCITY, SHIPREGION, SHIPPOSTALCODE, SHIPCOUNTRY)  
VALUES (10321.0, 'ISLAT', 3.0, '33607', CONVERT(DATE,'2021-10-03'), CONVERT(DATE,'2021-10-31'), CONVERT(DATE,'2021-10-11'), 2.0, 3.43, 'Island Trading', 'Garden House Crowther Way', 'Cowes', 'Isle of Wight', 'PO31 7PJ', 'UK');

INSERT INTO ORDERS (ORDERID, CUSTOMERID, EMPLOYEEID, TERRITORYID, ORDERDATE, REQUIREDDATE, SHIPPEDDATE, SHIPVIA, FREIGHT, SHIPNAME, SHIPADDRESS, SHIPCITY, SHIPREGION, SHIPPOSTALCODE, SHIPCOUNTRY)  
VALUES (10322.0, 'PERIC', 7.0, '80202', CONVERT(DATE,'2021-10-04'), CONVERT(DATE,'2021-11-01'), CONVERT(DATE,'2021-10-23'), 3.0, 0.4, 'Pericles Comidas clasicas', 'Calle Dr. Jorge Cash 321', 'Mexico D.F.', '', '05033', 'Mexico');

INSERT INTO ORDERS (ORDERID, CUSTOMERID, EMPLOYEEID, TERRITORYID, ORDERDATE, REQUIREDDATE, SHIPPEDDATE, SHIPVIA, FREIGHT, SHIPNAME, SHIPADDRESS, SHIPCITY, SHIPREGION, SHIPPOSTALCODE, SHIPCOUNTRY)  
VALUES (10323.0, 'KOENE', 4.0, '27511', CONVERT(DATE,'2021-10-07'), CONVERT(DATE,'2021-11-04'), CONVERT(DATE,'2021-10-14'), 1.0, 4.88, 'Koniglich Essen', 'Maubelstr. 90', 'Brandenburg', '', '14776', 'Germany');

INSERT INTO ORDERS (ORDERID, CUSTOMERID, EMPLOYEEID, TERRITORYID, ORDERDATE, REQUIREDDATE, SHIPPEDDATE, SHIPVIA, FREIGHT, SHIPNAME, SHIPADDRESS, SHIPCITY, SHIPREGION, SHIPPOSTALCODE, SHIPCOUNTRY)  
VALUES (10324.0, 'SAVEA', 9.0, '55439', CONVERT(DATE,'2021-10-08'), CONVERT(DATE,'2021-11-05'), CONVERT(DATE,'2021-10-10'), 1.0, 214.27, 'Save-a-lot Markets', '187 Suffolk Ln.', 'Boise', 'ID', '83720', 'USA');

INSERT INTO ORDERS (ORDERID, CUSTOMERID, EMPLOYEEID, TERRITORYID, ORDERDATE, REQUIREDDATE, SHIPPEDDATE, SHIPVIA, FREIGHT, SHIPNAME, SHIPADDRESS, SHIPCITY, SHIPREGION, SHIPPOSTALCODE, SHIPCOUNTRY)  
VALUES (10325.0, 'KOENE', 1.0, '19713', CONVERT(DATE,'2021-10-09'), CONVERT(DATE,'2021-10-23'), CONVERT(DATE,'2021-10-14'), 3.0, 64.86, 'Koniglich Essen', 'Maubelstr. 90', 'Brandenburg', '', '14776', 'Germany');

INSERT INTO ORDERS (ORDERID, CUSTOMERID, EMPLOYEEID, TERRITORYID, ORDERDATE, REQUIREDDATE, SHIPPEDDATE, SHIPVIA, FREIGHT, SHIPNAME, SHIPADDRESS, SHIPCITY, SHIPREGION, SHIPPOSTALCODE, SHIPCOUNTRY)  
VALUES (10326.0, 'BOLID', 4.0, '27511', CONVERT(DATE,'2021-10-10'), CONVERT(DATE,'2021-11-07'), CONVERT(DATE,'2021-10-14'), 2.0, 77.92, 'Bolido Comidas preparadas', 'C/ Araquil, 67', 'Madrid', '', '28023', 'Spain');

INSERT INTO ORDERS (ORDERID, CUSTOMERID, EMPLOYEEID, TERRITORYID, ORDERDATE, REQUIREDDATE, SHIPPEDDATE, SHIPVIA, FREIGHT, SHIPNAME, SHIPADDRESS, SHIPCITY, SHIPREGION, SHIPPOSTALCODE, SHIPCOUNTRY)  
VALUES (10327.0, 'FOLKO', 2.0, '01730', CONVERT(DATE,'2021-10-11'), CONVERT(DATE,'2021-11-08'), CONVERT(DATE,'2021-10-14'), 1.0, 63.36, 'Folk och fa HB', 'Akergatan 24', 'Bracke', '', 'S-844 67', 'Sweden');

INSERT INTO ORDERS (ORDERID, CUSTOMERID, EMPLOYEEID, TERRITORYID, ORDERDATE, REQUIREDDATE, SHIPPEDDATE, SHIPVIA, FREIGHT, SHIPNAME, SHIPADDRESS, SHIPCITY, SHIPREGION, SHIPPOSTALCODE, SHIPCOUNTRY)  
VALUES (10328.0, 'FURIB', 4.0, '27511', CONVERT(DATE,'2021-10-14'), CONVERT(DATE,'2021-11-11'), CONVERT(DATE,'2021-10-17'), 3.0, 87.03, 'Furia Bacalhau e Frutos do Mar', 'Jardim das rosas n. 32', 'Lisboa', '', '1675', 'Portugal');

INSERT INTO ORDERS (ORDERID, CUSTOMERID, EMPLOYEEID, TERRITORYID, ORDERDATE, REQUIREDDATE, SHIPPEDDATE, SHIPVIA, FREIGHT, SHIPNAME, SHIPADDRESS, SHIPCITY, SHIPREGION, SHIPPOSTALCODE, SHIPCOUNTRY)  
VALUES (10329.0, 'SPLIR', 4.0, '27511', CONVERT(DATE,'2021-10-15'), CONVERT(DATE,'2021-11-26'), CONVERT(DATE,'2021-10-23'), 2.0, 191.67, 'Split Rail Beer Ale', 'P.O. Box 555', 'Lander', 'WY', '82520', 'USA');

INSERT INTO ORDERS (ORDERID, CUSTOMERID, EMPLOYEEID, TERRITORYID, ORDERDATE, REQUIREDDATE, SHIPPEDDATE, SHIPVIA, FREIGHT, SHIPNAME, SHIPADDRESS, SHIPCITY, SHIPREGION, SHIPPOSTALCODE, SHIPCOUNTRY)  
VALUES (10330.0, 'LILAS', 3.0, '33607', CONVERT(DATE,'2021-10-16'), CONVERT(DATE,'2021-11-13'), CONVERT(DATE,'2021-10-28'), 1.0, 12.75, 'LILA-Supermercado', 'Carrera 52 con Ave. Bolivar #65-98 Llano Largo', 'Barquisimeto', 'Lara', '3508', 'Venezuela');

INSERT INTO ORDERS (ORDERID, CUSTOMERID, EMPLOYEEID, TERRITORYID, ORDERDATE, REQUIREDDATE, SHIPPEDDATE, SHIPVIA, FREIGHT, SHIPNAME, SHIPADDRESS, SHIPCITY, SHIPREGION, SHIPPOSTALCODE, SHIPCOUNTRY)  
VALUES (10331.0, 'BONAP', 9.0, '55439', CONVERT(DATE,'2021-10-16'), CONVERT(DATE,'2021-11-27'), CONVERT(DATE,'2021-10-21'), 1.0, 10.19, 'Bon app''', '12, rue des Bouchers', 'Marseille', '', '13008', 'France');

INSERT INTO ORDERS (ORDERID, CUSTOMERID, EMPLOYEEID, TERRITORYID, ORDERDATE, REQUIREDDATE, SHIPPEDDATE, SHIPVIA, FREIGHT, SHIPNAME, SHIPADDRESS, SHIPCITY, SHIPREGION, SHIPPOSTALCODE, SHIPCOUNTRY)  
VALUES (10332.0, 'MEREP', 3.0, '33607', CONVERT(DATE,'2021-10-17'), CONVERT(DATE,'2021-11-28'), CONVERT(DATE,'2021-10-21'), 2.0, 52.84, 'Mere Paillarde', '43 rue St. Laurent', 'Montreal', 'Quebec', 'H1J 1C3', 'Canada');

INSERT INTO ORDERS (ORDERID, CUSTOMERID, EMPLOYEEID, TERRITORYID, ORDERDATE, REQUIREDDATE, SHIPPEDDATE, SHIPVIA, FREIGHT, SHIPNAME, SHIPADDRESS, SHIPCITY, SHIPREGION, SHIPPOSTALCODE, SHIPCOUNTRY)  
VALUES (10333.0, 'WARTH', 5.0, '11747', CONVERT(DATE,'2021-10-18'), CONVERT(DATE,'2021-11-15'), CONVERT(DATE,'2021-10-25'), 3.0, 0.59, 'Wartian Herkku', 'Torikatu 38', 'Oulu', '', '90110', 'Finland');

INSERT INTO ORDERS (ORDERID, CUSTOMERID, EMPLOYEEID, TERRITORYID, ORDERDATE, REQUIREDDATE, SHIPPEDDATE, SHIPVIA, FREIGHT, SHIPNAME, SHIPADDRESS, SHIPCITY, SHIPREGION, SHIPPOSTALCODE, SHIPCOUNTRY)  
VALUES (10334.0, 'VICTE', 8.0, '19428', CONVERT(DATE,'2021-10-21'), CONVERT(DATE,'2021-11-18'), CONVERT(DATE,'2021-10-28'), 2.0, 8.56, 'Victuailles en stock', '2, rue du Commerce', 'Lyon', '', '69004', 'France');

INSERT INTO ORDERS (ORDERID, CUSTOMERID, EMPLOYEEID, TERRITORYID, ORDERDATE, REQUIREDDATE, SHIPPEDDATE, SHIPVIA, FREIGHT, SHIPNAME, SHIPADDRESS, SHIPCITY, SHIPREGION, SHIPPOSTALCODE, SHIPCOUNTRY)  
VALUES (10335.0, 'HUNGO', 7.0, '80202', CONVERT(DATE,'2021-10-22'), CONVERT(DATE,'2021-11-19'), CONVERT(DATE,'2021-10-24'), 2.0, 42.11, 'Hungry Owl All-Night Grocers', '8 Johnstown Road', 'Cork', 'Co. Cork', '', 'Ireland');

INSERT INTO ORDERS (ORDERID, CUSTOMERID, EMPLOYEEID, TERRITORYID, ORDERDATE, REQUIREDDATE, SHIPPEDDATE, SHIPVIA, FREIGHT, SHIPNAME, SHIPADDRESS, SHIPCITY, SHIPREGION, SHIPPOSTALCODE, SHIPCOUNTRY)  
VALUES (10336.0, 'PRINI', 7.0, '80202', CONVERT(DATE,'2021-10-23'), CONVERT(DATE,'2021-11-20'), CONVERT(DATE,'2021-10-25'), 2.0, 15.51, 'Princesa Isabel Vinhos', 'Estrada da saude n. 58', 'Lisboa', '', '1756', 'Portugal');

INSERT INTO ORDERS (ORDERID, CUSTOMERID, EMPLOYEEID, TERRITORYID, ORDERDATE, REQUIREDDATE, SHIPPEDDATE, SHIPVIA, FREIGHT, SHIPNAME, SHIPADDRESS, SHIPCITY, SHIPREGION, SHIPPOSTALCODE, SHIPCOUNTRY)  
VALUES (10337.0, 'FRANK', 4.0, '27511', CONVERT(DATE,'2021-10-24'), CONVERT(DATE,'2021-11-21'), CONVERT(DATE,'2021-10-29'), 3.0, 108.26, 'Frankenversand', 'Berliner Platz 43', 'Munchen', '', '80805', 'Germany');

INSERT INTO ORDERS (ORDERID, CUSTOMERID, EMPLOYEEID, TERRITORYID, ORDERDATE, REQUIREDDATE, SHIPPEDDATE, SHIPVIA, FREIGHT, SHIPNAME, SHIPADDRESS, SHIPCITY, SHIPREGION, SHIPPOSTALCODE, SHIPCOUNTRY)  
VALUES (10338.0, 'OLDWO', 4.0, '27511', CONVERT(DATE,'2021-10-25'), CONVERT(DATE,'2021-11-22'), CONVERT(DATE,'2021-10-29'), 3.0, 84.21, 'Old World Delicatessen', '2743 Bering St.', 'Anchorage', 'AK', '99508', 'USA');

INSERT INTO ORDERS (ORDERID, CUSTOMERID, EMPLOYEEID, TERRITORYID, ORDERDATE, REQUIREDDATE, SHIPPEDDATE, SHIPVIA, FREIGHT, SHIPNAME, SHIPADDRESS, SHIPCITY, SHIPREGION, SHIPPOSTALCODE, SHIPCOUNTRY)  
VALUES (10339.0, 'MEREP', 2.0, '01730', CONVERT(DATE,'2021-10-28'), CONVERT(DATE,'2021-11-25'), CONVERT(DATE,'2021-11-04'), 2.0, 15.66, 'Mere Paillarde', '43 rue St. Laurent', 'Montreal', 'Quebec', 'H1J 1C3', 'Canada');

INSERT INTO ORDERS (ORDERID, CUSTOMERID, EMPLOYEEID, TERRITORYID, ORDERDATE, REQUIREDDATE, SHIPPEDDATE, SHIPVIA, FREIGHT, SHIPNAME, SHIPADDRESS, SHIPCITY, SHIPREGION, SHIPPOSTALCODE, SHIPCOUNTRY)  
VALUES (10340.0, 'BONAP', 1.0, '19713', CONVERT(DATE,'2021-10-29'), CONVERT(DATE,'2021-11-26'), CONVERT(DATE,'2021-11-08'), 3.0, 166.31, 'Bon app''', '12, rue des Bouchers', 'Marseille', '', '13008', 'France');

INSERT INTO ORDERS (ORDERID, CUSTOMERID, EMPLOYEEID, TERRITORYID, ORDERDATE, REQUIREDDATE, SHIPPEDDATE, SHIPVIA, FREIGHT, SHIPNAME, SHIPADDRESS, SHIPCITY, SHIPREGION, SHIPPOSTALCODE, SHIPCOUNTRY)  
VALUES (10341.0, 'SIMOB', 7.0, '80202', CONVERT(DATE,'2021-10-29'), CONVERT(DATE,'2021-11-26'), CONVERT(DATE,'2021-11-05'), 3.0, 26.78, 'Simons bistro', 'Vinbaeltet 34', 'Kobenhavn', '', '1734', 'Denmark');

INSERT INTO ORDERS (ORDERID, CUSTOMERID, EMPLOYEEID, TERRITORYID, ORDERDATE, REQUIREDDATE, SHIPPEDDATE, SHIPVIA, FREIGHT, SHIPNAME, SHIPADDRESS, SHIPCITY, SHIPREGION, SHIPPOSTALCODE, SHIPCOUNTRY)  
VALUES (10342.0, 'FRANK', 4.0, '27511', CONVERT(DATE,'2021-10-30'), CONVERT(DATE,'2021-11-13'), CONVERT(DATE,'2021-11-04'), 2.0, 54.83, 'Frankenversand', 'Berliner Platz 43', 'Munchen', '', '80805', 'Germany');

INSERT INTO ORDERS (ORDERID, CUSTOMERID, EMPLOYEEID, TERRITORYID, ORDERDATE, REQUIREDDATE, SHIPPEDDATE, SHIPVIA, FREIGHT, SHIPNAME, SHIPADDRESS, SHIPCITY, SHIPREGION, SHIPPOSTALCODE, SHIPCOUNTRY)  
VALUES (10343.0, 'LEHMS', 4.0, '27511', CONVERT(DATE,'2021-10-31'), CONVERT(DATE,'2021-11-28'), CONVERT(DATE,'2021-11-06'), 1.0, 110.37, 'Lehmanns Marktstand', 'Magazinweg 7', 'Frankfurt a.M.', '', '60528', 'Germany');

INSERT INTO ORDERS (ORDERID, CUSTOMERID, EMPLOYEEID, TERRITORYID, ORDERDATE, REQUIREDDATE, SHIPPEDDATE, SHIPVIA, FREIGHT, SHIPNAME, SHIPADDRESS, SHIPCITY, SHIPREGION, SHIPPOSTALCODE, SHIPCOUNTRY)  
VALUES (10344.0, 'WHITC', 4.0, '27511', CONVERT(DATE,'2021-11-01'), CONVERT(DATE,'2021-11-29'), CONVERT(DATE,'2021-11-05'), 2.0, 23.29, 'White Clover Markets', '1029 - 12th Ave. S.', 'Seattle', 'WA', '98124', 'USA');

INSERT INTO ORDERS (ORDERID, CUSTOMERID, EMPLOYEEID, TERRITORYID, ORDERDATE, REQUIREDDATE, SHIPPEDDATE, SHIPVIA, FREIGHT, SHIPNAME, SHIPADDRESS, SHIPCITY, SHIPREGION, SHIPPOSTALCODE, SHIPCOUNTRY)  
VALUES (10345.0, 'QUICK', 2.0, '01730', CONVERT(DATE,'2021-11-04'), CONVERT(DATE,'2021-12-02'), CONVERT(DATE,'2021-11-11'), 2.0, 249.06, 'QUICK-Stop', 'Taucherstrabe 10', 'Cunewalde', '', '01307', 'Germany');

INSERT INTO ORDERS (ORDERID, CUSTOMERID, EMPLOYEEID, TERRITORYID, ORDERDATE, REQUIREDDATE, SHIPPEDDATE, SHIPVIA, FREIGHT, SHIPNAME, SHIPADDRESS, SHIPCITY, SHIPREGION, SHIPPOSTALCODE, SHIPCOUNTRY)  
VALUES (10346.0, 'RATTC', 3.0, '33607', CONVERT(DATE,'2021-11-05'), CONVERT(DATE,'2021-12-17'), CONVERT(DATE,'2021-11-08'), 3.0, 142.08, 'Rattlesnake Canyon Grocery', '2817 Milton Dr.', 'Albuquerque', 'NM', '87110', 'USA');

INSERT INTO ORDERS (ORDERID, CUSTOMERID, EMPLOYEEID, TERRITORYID, ORDERDATE, REQUIREDDATE, SHIPPEDDATE, SHIPVIA, FREIGHT, SHIPNAME, SHIPADDRESS, SHIPCITY, SHIPREGION, SHIPPOSTALCODE, SHIPCOUNTRY)  
VALUES (10347.0, 'FAMIA', 4.0, '27511', CONVERT(DATE,'2021-11-06'), CONVERT(DATE,'2021-12-04'), CONVERT(DATE,'2021-11-08'), 3.0, 3.1, 'Familia Arquibaldo', 'Rua Oros, 92', 'Sao Paulo', 'SP', '05442-030', 'Brazil');

INSERT INTO ORDERS (ORDERID, CUSTOMERID, EMPLOYEEID, TERRITORYID, ORDERDATE, REQUIREDDATE, SHIPPEDDATE, SHIPVIA, FREIGHT, SHIPNAME, SHIPADDRESS, SHIPCITY, SHIPREGION, SHIPPOSTALCODE, SHIPCOUNTRY)  
VALUES (10348.0, 'WANDK', 4.0, '27511', CONVERT(DATE,'2021-11-07'), CONVERT(DATE,'2021-12-05'), CONVERT(DATE,'2021-11-15'), 2.0, 0.78, 'Die Wandernde Kuh', 'Adenauerallee 900', 'Stuttgart', '', '70563', 'Germany');

INSERT INTO ORDERS (ORDERID, CUSTOMERID, EMPLOYEEID, TERRITORYID, ORDERDATE, REQUIREDDATE, SHIPPEDDATE, SHIPVIA, FREIGHT, SHIPNAME, SHIPADDRESS, SHIPCITY, SHIPREGION, SHIPPOSTALCODE, SHIPCOUNTRY)  
VALUES (10349.0, 'SPLIR', 7.0, '80202', CONVERT(DATE,'2021-11-08'), CONVERT(DATE,'2021-12-06'), CONVERT(DATE,'2021-11-15'), 1.0, 8.63, 'Split Rail Beer Ale', 'P.O. Box 555', 'Lander', 'WY', '82520', 'USA');

INSERT INTO ORDERS (ORDERID, CUSTOMERID, EMPLOYEEID, TERRITORYID, ORDERDATE, REQUIREDDATE, SHIPPEDDATE, SHIPVIA, FREIGHT, SHIPNAME, SHIPADDRESS, SHIPCITY, SHIPREGION, SHIPPOSTALCODE, SHIPCOUNTRY)  
VALUES (10350.0, 'LAMAI', 6.0, '98104', CONVERT(DATE,'2021-11-11'), CONVERT(DATE,'2021-12-09'), CONVERT(DATE,'2021-12-03'), 2.0, 64.19, 'La maison d''Asie', '1 rue Alsace-Lorraine', 'Toulouse', '', '31000', 'France');

INSERT INTO ORDERS (ORDERID, CUSTOMERID, EMPLOYEEID, TERRITORYID, ORDERDATE, REQUIREDDATE, SHIPPEDDATE, SHIPVIA, FREIGHT, SHIPNAME, SHIPADDRESS, SHIPCITY, SHIPREGION, SHIPPOSTALCODE, SHIPCOUNTRY)  
VALUES (10351.0, 'ERNSH', 1.0, '19713', CONVERT(DATE,'2021-11-11'), CONVERT(DATE,'2021-12-09'), CONVERT(DATE,'2021-11-20'), 1.0, 162.33, 'Ernst Handel', 'Kirchgasse 6', 'Graz', '', '8010', 'Austria');

INSERT INTO ORDERS (ORDERID, CUSTOMERID, EMPLOYEEID, TERRITORYID, ORDERDATE, REQUIREDDATE, SHIPPEDDATE, SHIPVIA, FREIGHT, SHIPNAME, SHIPADDRESS, SHIPCITY, SHIPREGION, SHIPPOSTALCODE, SHIPCOUNTRY)  
VALUES (10352.0, 'FURIB', 3.0, '33607', CONVERT(DATE,'2021-11-12'), CONVERT(DATE,'2021-11-26'), CONVERT(DATE,'2021-11-18'), 3.0, 1.3, 'Furia Bacalhau e Frutos do Mar', 'Jardim das rosas n. 32', 'Lisboa', '', '1675', 'Portugal');

INSERT INTO ORDERS (ORDERID, CUSTOMERID, EMPLOYEEID, TERRITORYID, ORDERDATE, REQUIREDDATE, SHIPPEDDATE, SHIPVIA, FREIGHT, SHIPNAME, SHIPADDRESS, SHIPCITY, SHIPREGION, SHIPPOSTALCODE, SHIPCOUNTRY)  
VALUES (10353.0, 'PICCO', 7.0, '80202', CONVERT(DATE,'2021-11-13'), CONVERT(DATE,'2021-12-11'), CONVERT(DATE,'2021-11-25'), 3.0, 360.63, 'Piccolo und mehr', 'Geislweg 14', 'Salzburg', '', '5020', 'Austria');

INSERT INTO ORDERS (ORDERID, CUSTOMERID, EMPLOYEEID, TERRITORYID, ORDERDATE, REQUIREDDATE, SHIPPEDDATE, SHIPVIA, FREIGHT, SHIPNAME, SHIPADDRESS, SHIPCITY, SHIPREGION, SHIPPOSTALCODE, SHIPCOUNTRY)  
VALUES (10354.0, 'PERIC', 8.0, '19428', CONVERT(DATE,'2021-11-14'), CONVERT(DATE,'2021-12-12'), CONVERT(DATE,'2021-11-20'), 3.0, 53.8, 'Pericles Comidas clasicas', 'Calle Dr. Jorge Cash 321', 'Mexico D.F.', '', '05033', 'Mexico');

INSERT INTO ORDERS (ORDERID, CUSTOMERID, EMPLOYEEID, TERRITORYID, ORDERDATE, REQUIREDDATE, SHIPPEDDATE, SHIPVIA, FREIGHT, SHIPNAME, SHIPADDRESS, SHIPCITY, SHIPREGION, SHIPPOSTALCODE, SHIPCOUNTRY)  
VALUES (10355.0, 'AROUT', 6.0, '98104', CONVERT(DATE,'2021-11-15'), CONVERT(DATE,'2021-12-13'), CONVERT(DATE,'2021-11-20'), 1.0, 41.95, 'Around the Horn', 'Brook Farm Stratford St. Mary', 'Colchester', 'Essex', 'CO7 6JX', 'UK');

INSERT INTO ORDERS (ORDERID, CUSTOMERID, EMPLOYEEID, TERRITORYID, ORDERDATE, REQUIREDDATE, SHIPPEDDATE, SHIPVIA, FREIGHT, SHIPNAME, SHIPADDRESS, SHIPCITY, SHIPREGION, SHIPPOSTALCODE, SHIPCOUNTRY)  
VALUES (10356.0, 'WANDK', 6.0, '98104', CONVERT(DATE,'2021-11-18'), CONVERT(DATE,'2021-12-16'), CONVERT(DATE,'2021-11-27'), 2.0, 36.71, 'Die Wandernde Kuh', 'Adenauerallee 900', 'Stuttgart', '', '70563', 'Germany');

INSERT INTO ORDERS (ORDERID, CUSTOMERID, EMPLOYEEID, TERRITORYID, ORDERDATE, REQUIREDDATE, SHIPPEDDATE, SHIPVIA, FREIGHT, SHIPNAME, SHIPADDRESS, SHIPCITY, SHIPREGION, SHIPPOSTALCODE, SHIPCOUNTRY)  
VALUES (10357.0, 'LILAS', 1.0, '19713', CONVERT(DATE,'2021-11-19'), CONVERT(DATE,'2021-12-17'), CONVERT(DATE,'2021-12-02'), 3.0, 34.88, 'LILA-Supermercado', 'Carrera 52 con Ave. Bolivar #65-98 Llano Largo', 'Barquisimeto', 'Lara', '3508', 'Venezuela');

INSERT INTO ORDERS (ORDERID, CUSTOMERID, EMPLOYEEID, TERRITORYID, ORDERDATE, REQUIREDDATE, SHIPPEDDATE, SHIPVIA, FREIGHT, SHIPNAME, SHIPADDRESS, SHIPCITY, SHIPREGION, SHIPPOSTALCODE, SHIPCOUNTRY)  
VALUES (10358.0, 'LAMAI', 5.0, '11747', CONVERT(DATE,'2021-11-20'), CONVERT(DATE,'2021-12-18'), CONVERT(DATE,'2021-11-27'), 1.0, 19.64, 'La maison d''Asie', '1 rue Alsace-Lorraine', 'Toulouse', '', '31000', 'France');

INSERT INTO ORDERS (ORDERID, CUSTOMERID, EMPLOYEEID, TERRITORYID, ORDERDATE, REQUIREDDATE, SHIPPEDDATE, SHIPVIA, FREIGHT, SHIPNAME, SHIPADDRESS, SHIPCITY, SHIPREGION, SHIPPOSTALCODE, SHIPCOUNTRY)  
VALUES (10359.0, 'SEVES', 5.0, '11747', CONVERT(DATE,'2021-11-21'), CONVERT(DATE,'2021-12-19'), CONVERT(DATE,'2021-11-26'), 3.0, 288.43, 'Seven Seas Imports', '90 Wadhurst Rd.', 'London', '', 'OX15 4NB', 'UK');

INSERT INTO ORDERS (ORDERID, CUSTOMERID, EMPLOYEEID, TERRITORYID, ORDERDATE, REQUIREDDATE, SHIPPEDDATE, SHIPVIA, FREIGHT, SHIPNAME, SHIPADDRESS, SHIPCITY, SHIPREGION, SHIPPOSTALCODE, SHIPCOUNTRY)  
VALUES (10360.0, 'BLONP', 4.0, '27511', CONVERT(DATE,'2021-11-22'), CONVERT(DATE,'2021-12-20'), CONVERT(DATE,'2021-12-02'), 3.0, 131.7, 'Blondel pere et fils', '24, place Kleber', 'Strasbourg', '', '67000', 'France');

INSERT INTO ORDERS (ORDERID, CUSTOMERID, EMPLOYEEID, TERRITORYID, ORDERDATE, REQUIREDDATE, SHIPPEDDATE, SHIPVIA, FREIGHT, SHIPNAME, SHIPADDRESS, SHIPCITY, SHIPREGION, SHIPPOSTALCODE, SHIPCOUNTRY)  
VALUES (10361.0, 'QUICK', 1.0, '19713', CONVERT(DATE,'2021-11-22'), CONVERT(DATE,'2021-12-20'), CONVERT(DATE,'2021-12-03'), 2.0, 183.17, 'QUICK-Stop', 'Taucherstrabe 10', 'Cunewalde', '', '01307', 'Germany');

INSERT INTO ORDERS (ORDERID, CUSTOMERID, EMPLOYEEID, TERRITORYID, ORDERDATE, REQUIREDDATE, SHIPPEDDATE, SHIPVIA, FREIGHT, SHIPNAME, SHIPADDRESS, SHIPCITY, SHIPREGION, SHIPPOSTALCODE, SHIPCOUNTRY)  
VALUES (10362.0, 'BONAP', 3.0, '33607', CONVERT(DATE,'2021-11-25'), CONVERT(DATE,'2021-12-23'), CONVERT(DATE,'2021-11-28'), 1.0, 96.04, 'Bon app''', '12, rue des Bouchers', 'Marseille', '', '13008', 'France');

INSERT INTO ORDERS (ORDERID, CUSTOMERID, EMPLOYEEID, TERRITORYID, ORDERDATE, REQUIREDDATE, SHIPPEDDATE, SHIPVIA, FREIGHT, SHIPNAME, SHIPADDRESS, SHIPCITY, SHIPREGION, SHIPPOSTALCODE, SHIPCOUNTRY)  
VALUES (10363.0, 'DRACD', 4.0, '27511', CONVERT(DATE,'2021-11-26'), CONVERT(DATE,'2021-12-24'), CONVERT(DATE,'2021-12-04'), 3.0, 30.54, 'Drachenblut Delikatessen', 'Walserweg 21', 'Aachen', '', '52066', 'Germany');

INSERT INTO ORDERS (ORDERID, CUSTOMERID, EMPLOYEEID, TERRITORYID, ORDERDATE, REQUIREDDATE, SHIPPEDDATE, SHIPVIA, FREIGHT, SHIPNAME, SHIPADDRESS, SHIPCITY, SHIPREGION, SHIPPOSTALCODE, SHIPCOUNTRY)  
VALUES (10364.0, 'EASTC', 1.0, '19713', CONVERT(DATE,'2021-11-26'), CONVERT(DATE,'2017-01-07'), CONVERT(DATE,'2021-12-04'), 1.0, 71.97, 'Eastern Connection', '35 King George', 'London', '', 'WX3 6FW', 'UK');

INSERT INTO ORDERS (ORDERID, CUSTOMERID, EMPLOYEEID, TERRITORYID, ORDERDATE, REQUIREDDATE, SHIPPEDDATE, SHIPVIA, FREIGHT, SHIPNAME, SHIPADDRESS, SHIPCITY, SHIPREGION, SHIPPOSTALCODE, SHIPCOUNTRY)  
VALUES (10365.0, 'ANTON', 3.0, '33607', CONVERT(DATE,'2021-11-27'), CONVERT(DATE,'2021-12-25'), CONVERT(DATE,'2021-12-02'), 2.0, 22.0, 'Antonio Moreno Taqueria', 'Mataderos  2312', 'Mexico D.F.', '', '05023', 'Mexico');

INSERT INTO ORDERS (ORDERID, CUSTOMERID, EMPLOYEEID, TERRITORYID, ORDERDATE, REQUIREDDATE, SHIPPEDDATE, SHIPVIA, FREIGHT, SHIPNAME, SHIPADDRESS, SHIPCITY, SHIPREGION, SHIPPOSTALCODE, SHIPCOUNTRY)  
VALUES (10366.0, 'GALED', 8.0, '19428', CONVERT(DATE,'2021-11-28'), CONVERT(DATE,'2017-01-09'), CONVERT(DATE,'2021-12-30'), 2.0, 10.14, 'Galeria del gastronomo', 'Rambla de Cataluna, 23', 'Barcelona', '', '8022', 'Spain');

INSERT INTO ORDERS (ORDERID, CUSTOMERID, EMPLOYEEID, TERRITORYID, ORDERDATE, REQUIREDDATE, SHIPPEDDATE, SHIPVIA, FREIGHT, SHIPNAME, SHIPADDRESS, SHIPCITY, SHIPREGION, SHIPPOSTALCODE, SHIPCOUNTRY)  
VALUES (10367.0, 'VAFFE', 7.0, '80202', CONVERT(DATE,'2021-11-28'), CONVERT(DATE,'2021-12-26'), CONVERT(DATE,'2021-12-02'), 3.0, 13.55, 'Vaffeljernet', 'Smagsloget 45', 'Arhus', '', '8200', 'Denmark');

INSERT INTO ORDERS (ORDERID, CUSTOMERID, EMPLOYEEID, TERRITORYID, ORDERDATE, REQUIREDDATE, SHIPPEDDATE, SHIPVIA, FREIGHT, SHIPNAME, SHIPADDRESS, SHIPCITY, SHIPREGION, SHIPPOSTALCODE, SHIPCOUNTRY)  
VALUES (10368.0, 'ERNSH', 2.0, '01730', CONVERT(DATE,'2021-11-29'), CONVERT(DATE,'2021-12-27'), null, 2.0, 101.95, 'Ernst Handel', 'Kirchgasse 6', 'Graz', '', '8010', 'Austria');

INSERT INTO ORDERS (ORDERID, CUSTOMERID, EMPLOYEEID, TERRITORYID, ORDERDATE, REQUIREDDATE, SHIPPEDDATE, SHIPVIA, FREIGHT, SHIPNAME, SHIPADDRESS, SHIPCITY, SHIPREGION, SHIPPOSTALCODE, SHIPCOUNTRY)  
VALUES (10369.0, 'SPLIR', 8.0, '19428', CONVERT(DATE,'2021-12-02'), CONVERT(DATE,'2021-12-30'), CONVERT(DATE,'2021-12-09'), 2.0, 195.68, 'Split Rail Beer Ale', 'P.O. Box 555', 'Lander', 'WY', '82520', 'USA');

INSERT INTO ORDERS (ORDERID, CUSTOMERID, EMPLOYEEID, TERRITORYID, ORDERDATE, REQUIREDDATE, SHIPPEDDATE, SHIPVIA, FREIGHT, SHIPNAME, SHIPADDRESS, SHIPCITY, SHIPREGION, SHIPPOSTALCODE, SHIPCOUNTRY)  
VALUES (10370.0, 'CHOPS', 6.0, '98104', CONVERT(DATE,'2021-12-03'), CONVERT(DATE,'2021-12-31'), CONVERT(DATE,'2021-12-27'), 2.0, 1.17, 'Chop-suey Chinese', 'Hauptstr. 31', 'Bern', '', '3012', 'Switzerland');

INSERT INTO ORDERS (ORDERID, CUSTOMERID, EMPLOYEEID, TERRITORYID, ORDERDATE, REQUIREDDATE, SHIPPEDDATE, SHIPVIA, FREIGHT, SHIPNAME, SHIPADDRESS, SHIPCITY, SHIPREGION, SHIPPOSTALCODE, SHIPCOUNTRY)  
VALUES (10371.0, 'LAMAI', 1.0, '19713', CONVERT(DATE,'2021-12-03'), CONVERT(DATE,'2021-12-31'), CONVERT(DATE,'2021-12-24'), 1.0, 0.45, 'La maison d''Asie', '1 rue Alsace-Lorraine', 'Toulouse', '', '31000', 'France');

INSERT INTO ORDERS (ORDERID, CUSTOMERID, EMPLOYEEID, TERRITORYID, ORDERDATE, REQUIREDDATE, SHIPPEDDATE, SHIPVIA, FREIGHT, SHIPNAME, SHIPADDRESS, SHIPCITY, SHIPREGION, SHIPPOSTALCODE, SHIPCOUNTRY)  
VALUES (10372.0, 'QUEEN', 5.0, '11747', CONVERT(DATE,'2021-12-04'), CONVERT(DATE,'2017-01-01'), CONVERT(DATE,'2021-12-09'), 2.0, 890.78, 'Queen Cozinha', 'Alameda dos Canarios, 891', 'Sao Paulo', 'SP', '05487-020', 'Brazil');

INSERT INTO ORDERS (ORDERID, CUSTOMERID, EMPLOYEEID, TERRITORYID, ORDERDATE, REQUIREDDATE, SHIPPEDDATE, SHIPVIA, FREIGHT, SHIPNAME, SHIPADDRESS, SHIPCITY, SHIPREGION, SHIPPOSTALCODE, SHIPCOUNTRY)  
VALUES (10373.0, 'HUNGO', 4.0, '27511', CONVERT(DATE,'2021-12-05'), CONVERT(DATE,'2017-01-02'), CONVERT(DATE,'2021-12-11'), 3.0, 124.12, 'Hungry Owl All-Night Grocers', '8 Johnstown Road', 'Cork', 'Co. Cork', '', 'Ireland');

INSERT INTO ORDERS (ORDERID, CUSTOMERID, EMPLOYEEID, TERRITORYID, ORDERDATE, REQUIREDDATE, SHIPPEDDATE, SHIPVIA, FREIGHT, SHIPNAME, SHIPADDRESS, SHIPCITY, SHIPREGION, SHIPPOSTALCODE, SHIPCOUNTRY)  
VALUES (10374.0, 'WOLZA', 1.0, '19713', CONVERT(DATE,'2021-12-05'), CONVERT(DATE,'2017-01-02'), CONVERT(DATE,'2021-12-09'), 3.0, 3.94, 'Wolski Zajazd', 'ul. Filtrowa 68', 'Warszawa', '', '01-012', 'Poland');

INSERT INTO ORDERS (ORDERID, CUSTOMERID, EMPLOYEEID, TERRITORYID, ORDERDATE, REQUIREDDATE, SHIPPEDDATE, SHIPVIA, FREIGHT, SHIPNAME, SHIPADDRESS, SHIPCITY, SHIPREGION, SHIPPOSTALCODE, SHIPCOUNTRY)  
VALUES (10375.0, 'HUNGC', 3.0, '33607', CONVERT(DATE,'2021-12-06'), CONVERT(DATE,'2017-01-03'), CONVERT(DATE,'2021-12-09'), 2.0, 20.12, 'Hungry Coyote Import Store', 'City Center Plaza 516 Main St.', 'Elgin', 'OR', '97827', 'USA');

INSERT INTO ORDERDETAILS (ORDERID, PRODUCTID, UNITPRICE, QUANTITY, DISCOUNT)  
VALUES (10248.0, 11.0, 14.0, 12.0, 0.0);

INSERT INTO ORDERDETAILS (ORDERID, PRODUCTID, UNITPRICE, QUANTITY, DISCOUNT)  
VALUES (10248.0, 42.0, 9.8, 10.0, 0.0);

INSERT INTO ORDERDETAILS (ORDERID, PRODUCTID, UNITPRICE, QUANTITY, DISCOUNT)  
VALUES (10248.0, 72.0, 34.8, 5.0, 0.0);

INSERT INTO ORDERDETAILS (ORDERID, PRODUCTID, UNITPRICE, QUANTITY, DISCOUNT)  
VALUES (10249.0, 14.0, 18.6, 9.0, 0.0);

INSERT INTO ORDERDETAILS (ORDERID, PRODUCTID, UNITPRICE, QUANTITY, DISCOUNT)  
VALUES (10249.0, 51.0, 42.4, 40.0, 0.0);

INSERT INTO ORDERDETAILS (ORDERID, PRODUCTID, UNITPRICE, QUANTITY, DISCOUNT)  
VALUES (10250.0, 41.0, 7.7, 10.0, 0.0);

INSERT INTO ORDERDETAILS (ORDERID, PRODUCTID, UNITPRICE, QUANTITY, DISCOUNT)  
VALUES (10250.0, 51.0, 42.4, 35.0, 0.15);

INSERT INTO ORDERDETAILS (ORDERID, PRODUCTID, UNITPRICE, QUANTITY, DISCOUNT)  
VALUES (10250.0, 65.0, 16.8, 15.0, 0.15);

INSERT INTO ORDERDETAILS (ORDERID, PRODUCTID, UNITPRICE, QUANTITY, DISCOUNT)  
VALUES (10251.0, 22.0, 16.8, 6.0, 0.05);

INSERT INTO ORDERDETAILS (ORDERID, PRODUCTID, UNITPRICE, QUANTITY, DISCOUNT)  
VALUES (10251.0, 57.0, 15.6, 15.0, 0.05);

INSERT INTO ORDERDETAILS (ORDERID, PRODUCTID, UNITPRICE, QUANTITY, DISCOUNT)  
VALUES (10251.0, 65.0, 16.8, 20.0, 0.0);

INSERT INTO ORDERDETAILS (ORDERID, PRODUCTID, UNITPRICE, QUANTITY, DISCOUNT)  
VALUES (10252.0, 20.0, 64.8, 40.0, 0.05);

INSERT INTO ORDERDETAILS (ORDERID, PRODUCTID, UNITPRICE, QUANTITY, DISCOUNT)  
VALUES (10252.0, 33.0, 2.0, 25.0, 0.05);

INSERT INTO ORDERDETAILS (ORDERID, PRODUCTID, UNITPRICE, QUANTITY, DISCOUNT)  
VALUES (10252.0, 60.0, 27.2, 40.0, 0.0);

INSERT INTO ORDERDETAILS (ORDERID, PRODUCTID, UNITPRICE, QUANTITY, DISCOUNT)  
VALUES (10253.0, 31.0, 10.0, 20.0, 0.0);

INSERT INTO ORDERDETAILS (ORDERID, PRODUCTID, UNITPRICE, QUANTITY, DISCOUNT)  
VALUES (10253.0, 39.0, 14.4, 42.0, 0.0);

INSERT INTO ORDERDETAILS (ORDERID, PRODUCTID, UNITPRICE, QUANTITY, DISCOUNT)  
VALUES (10253.0, 49.0, 16.0, 40.0, 0.0);

INSERT INTO ORDERDETAILS (ORDERID, PRODUCTID, UNITPRICE, QUANTITY, DISCOUNT)  
VALUES (10254.0, 24.0, 3.6, 15.0, 0.15);

INSERT INTO ORDERDETAILS (ORDERID, PRODUCTID, UNITPRICE, QUANTITY, DISCOUNT)  
VALUES (10254.0, 55.0, 19.2, 21.0, 0.15);

INSERT INTO ORDERDETAILS (ORDERID, PRODUCTID, UNITPRICE, QUANTITY, DISCOUNT)  
VALUES (10254.0, 74.0, 8.0, 21.0, 0.0);

INSERT INTO ORDERDETAILS (ORDERID, PRODUCTID, UNITPRICE, QUANTITY, DISCOUNT)  
VALUES (10255.0, 2.0, 15.2, 20.0, 0.0);

INSERT INTO ORDERDETAILS (ORDERID, PRODUCTID, UNITPRICE, QUANTITY, DISCOUNT)  
VALUES (10255.0, 16.0, 13.9, 35.0, 0.0);

INSERT INTO ORDERDETAILS (ORDERID, PRODUCTID, UNITPRICE, QUANTITY, DISCOUNT)  
VALUES (10255.0, 36.0, 15.2, 25.0, 0.0);

INSERT INTO ORDERDETAILS (ORDERID, PRODUCTID, UNITPRICE, QUANTITY, DISCOUNT)  
VALUES (10255.0, 59.0, 44.0, 30.0, 0.0);

INSERT INTO ORDERDETAILS (ORDERID, PRODUCTID, UNITPRICE, QUANTITY, DISCOUNT)  
VALUES (10256.0, 53.0, 26.2, 15.0, 0.0);

INSERT INTO ORDERDETAILS (ORDERID, PRODUCTID, UNITPRICE, QUANTITY, DISCOUNT)  
VALUES (10256.0, 77.0, 10.4, 12.0, 0.0);

INSERT INTO ORDERDETAILS (ORDERID, PRODUCTID, UNITPRICE, QUANTITY, DISCOUNT)  
VALUES (10257.0, 27.0, 35.1, 25.0, 0.0);

INSERT INTO ORDERDETAILS (ORDERID, PRODUCTID, UNITPRICE, QUANTITY, DISCOUNT)  
VALUES (10257.0, 39.0, 14.4, 6.0, 0.0);

INSERT INTO ORDERDETAILS (ORDERID, PRODUCTID, UNITPRICE, QUANTITY, DISCOUNT)  
VALUES (10257.0, 77.0, 10.4, 15.0, 0.0);

INSERT INTO ORDERDETAILS (ORDERID, PRODUCTID, UNITPRICE, QUANTITY, DISCOUNT)  
VALUES (10258.0, 2.0, 15.2, 50.0, 0.2);

INSERT INTO ORDERDETAILS (ORDERID, PRODUCTID, UNITPRICE, QUANTITY, DISCOUNT)  
VALUES (10258.0, 5.0, 17.0, 65.0, 0.2);

INSERT INTO ORDERDETAILS (ORDERID, PRODUCTID, UNITPRICE, QUANTITY, DISCOUNT)  
VALUES (10258.0, 32.0, 25.6, 6.0, 0.2);

INSERT INTO ORDERDETAILS (ORDERID, PRODUCTID, UNITPRICE, QUANTITY, DISCOUNT)  
VALUES (10259.0, 21.0, 8.0, 10.0, 0.0);

INSERT INTO ORDERDETAILS (ORDERID, PRODUCTID, UNITPRICE, QUANTITY, DISCOUNT)  
VALUES (10259.0, 37.0, 20.8, 1.0, 0.0);

INSERT INTO ORDERDETAILS (ORDERID, PRODUCTID, UNITPRICE, QUANTITY, DISCOUNT)  
VALUES (10260.0, 41.0, 7.7, 16.0, 0.25);

INSERT INTO ORDERDETAILS (ORDERID, PRODUCTID, UNITPRICE, QUANTITY, DISCOUNT)  
VALUES (10260.0, 57.0, 15.6, 50.0, 0.0);

INSERT INTO ORDERDETAILS (ORDERID, PRODUCTID, UNITPRICE, QUANTITY, DISCOUNT)  
VALUES (10260.0, 62.0, 39.4, 15.0, 0.25);

INSERT INTO ORDERDETAILS (ORDERID, PRODUCTID, UNITPRICE, QUANTITY, DISCOUNT)  
VALUES (10260.0, 70.0, 12.0, 21.0, 0.25);

INSERT INTO ORDERDETAILS (ORDERID, PRODUCTID, UNITPRICE, QUANTITY, DISCOUNT)  
VALUES (10261.0, 21.0, 8.0, 20.0, 0.0);

INSERT INTO ORDERDETAILS (ORDERID, PRODUCTID, UNITPRICE, QUANTITY, DISCOUNT)  
VALUES (10261.0, 35.0, 14.4, 20.0, 0.0);

INSERT INTO ORDERDETAILS (ORDERID, PRODUCTID, UNITPRICE, QUANTITY, DISCOUNT)  
VALUES (10262.0, 5.0, 17.0, 12.0, 0.2);

INSERT INTO ORDERDETAILS (ORDERID, PRODUCTID, UNITPRICE, QUANTITY, DISCOUNT)  
VALUES (10262.0, 7.0, 24.0, 15.0, 0.0);

INSERT INTO ORDERDETAILS (ORDERID, PRODUCTID, UNITPRICE, QUANTITY, DISCOUNT)  
VALUES (10262.0, 56.0, 30.4, 2.0, 0.0);

INSERT INTO ORDERDETAILS (ORDERID, PRODUCTID, UNITPRICE, QUANTITY, DISCOUNT)  
VALUES (10263.0, 16.0, 13.9, 60.0, 0.25);

INSERT INTO ORDERDETAILS (ORDERID, PRODUCTID, UNITPRICE, QUANTITY, DISCOUNT)  
VALUES (10263.0, 24.0, 3.6, 28.0, 0.0);

INSERT INTO ORDERDETAILS (ORDERID, PRODUCTID, UNITPRICE, QUANTITY, DISCOUNT)  
VALUES (10263.0, 30.0, 20.7, 60.0, 0.25);

INSERT INTO ORDERDETAILS (ORDERID, PRODUCTID, UNITPRICE, QUANTITY, DISCOUNT)  
VALUES (10263.0, 74.0, 8.0, 36.0, 0.25);

INSERT INTO ORDERDETAILS (ORDERID, PRODUCTID, UNITPRICE, QUANTITY, DISCOUNT)  
VALUES (10264.0, 2.0, 15.2, 35.0, 0.0);

INSERT INTO ORDERDETAILS (ORDERID, PRODUCTID, UNITPRICE, QUANTITY, DISCOUNT)  
VALUES (10264.0, 41.0, 7.7, 25.0, 0.15);

INSERT INTO ORDERDETAILS (ORDERID, PRODUCTID, UNITPRICE, QUANTITY, DISCOUNT)  
VALUES (10265.0, 17.0, 31.2, 30.0, 0.0);

INSERT INTO ORDERDETAILS (ORDERID, PRODUCTID, UNITPRICE, QUANTITY, DISCOUNT)  
VALUES (10265.0, 70.0, 12.0, 20.0, 0.0);

INSERT INTO ORDERDETAILS (ORDERID, PRODUCTID, UNITPRICE, QUANTITY, DISCOUNT)  
VALUES (10266.0, 12.0, 30.4, 12.0, 0.05);

INSERT INTO ORDERDETAILS (ORDERID, PRODUCTID, UNITPRICE, QUANTITY, DISCOUNT)  
VALUES (10267.0, 40.0, 14.7, 50.0, 0.0);

INSERT INTO ORDERDETAILS (ORDERID, PRODUCTID, UNITPRICE, QUANTITY, DISCOUNT)  
VALUES (10267.0, 59.0, 44.0, 70.0, 0.15);

INSERT INTO ORDERDETAILS (ORDERID, PRODUCTID, UNITPRICE, QUANTITY, DISCOUNT)  
VALUES (10267.0, 76.0, 14.4, 15.0, 0.15);

INSERT INTO ORDERDETAILS (ORDERID, PRODUCTID, UNITPRICE, QUANTITY, DISCOUNT)  
VALUES (10268.0, 29.0, 99.0, 10.0, 0.0);

INSERT INTO ORDERDETAILS (ORDERID, PRODUCTID, UNITPRICE, QUANTITY, DISCOUNT)  
VALUES (10268.0, 72.0, 27.8, 4.0, 0.0);

INSERT INTO ORDERDETAILS (ORDERID, PRODUCTID, UNITPRICE, QUANTITY, DISCOUNT)  
VALUES (10269.0, 33.0, 2.0, 60.0, 0.05);

INSERT INTO ORDERDETAILS (ORDERID, PRODUCTID, UNITPRICE, QUANTITY, DISCOUNT)  
VALUES (10269.0, 72.0, 27.8, 20.0, 0.05);

INSERT INTO ORDERDETAILS (ORDERID, PRODUCTID, UNITPRICE, QUANTITY, DISCOUNT)  
VALUES (10270.0, 36.0, 15.2, 30.0, 0.0);

INSERT INTO ORDERDETAILS (ORDERID, PRODUCTID, UNITPRICE, QUANTITY, DISCOUNT)  
VALUES (10270.0, 43.0, 36.8, 25.0, 0.0);

INSERT INTO ORDERDETAILS (ORDERID, PRODUCTID, UNITPRICE, QUANTITY, DISCOUNT)  
VALUES (10271.0, 33.0, 2.0, 24.0, 0.0);

INSERT INTO ORDERDETAILS (ORDERID, PRODUCTID, UNITPRICE, QUANTITY, DISCOUNT)  
VALUES (10272.0, 20.0, 64.8, 6.0, 0.0);

INSERT INTO ORDERDETAILS (ORDERID, PRODUCTID, UNITPRICE, QUANTITY, DISCOUNT)  
VALUES (10272.0, 31.0, 10.0, 40.0, 0.0);

INSERT INTO ORDERDETAILS (ORDERID, PRODUCTID, UNITPRICE, QUANTITY, DISCOUNT)  
VALUES (10272.0, 72.0, 27.8, 24.0, 0.0);

INSERT INTO ORDERDETAILS (ORDERID, PRODUCTID, UNITPRICE, QUANTITY, DISCOUNT)  
VALUES (10273.0, 10.0, 24.8, 24.0, 0.05);

INSERT INTO ORDERDETAILS (ORDERID, PRODUCTID, UNITPRICE, QUANTITY, DISCOUNT)  
VALUES (10273.0, 31.0, 10.0, 15.0, 0.05);

INSERT INTO ORDERDETAILS (ORDERID, PRODUCTID, UNITPRICE, QUANTITY, DISCOUNT)  
VALUES (10273.0, 33.0, 2.0, 20.0, 0.0);

INSERT INTO ORDERDETAILS (ORDERID, PRODUCTID, UNITPRICE, QUANTITY, DISCOUNT)  
VALUES (10273.0, 40.0, 14.7, 60.0, 0.05);

INSERT INTO ORDERDETAILS (ORDERID, PRODUCTID, UNITPRICE, QUANTITY, DISCOUNT)  
VALUES (10273.0, 76.0, 14.4, 33.0, 0.05);

INSERT INTO ORDERDETAILS (ORDERID, PRODUCTID, UNITPRICE, QUANTITY, DISCOUNT)  
VALUES (10274.0, 71.0, 17.2, 20.0, 0.0);

INSERT INTO ORDERDETAILS (ORDERID, PRODUCTID, UNITPRICE, QUANTITY, DISCOUNT)  
VALUES (10274.0, 72.0, 27.8, 7.0, 0.0);

INSERT INTO ORDERDETAILS (ORDERID, PRODUCTID, UNITPRICE, QUANTITY, DISCOUNT)  
VALUES (10275.0, 24.0, 3.6, 12.0, 0.05);

INSERT INTO ORDERDETAILS (ORDERID, PRODUCTID, UNITPRICE, QUANTITY, DISCOUNT)  
VALUES (10275.0, 59.0, 44.0, 6.0, 0.05);

INSERT INTO ORDERDETAILS (ORDERID, PRODUCTID, UNITPRICE, QUANTITY, DISCOUNT)  
VALUES (10276.0, 10.0, 24.8, 15.0, 0.0);

INSERT INTO ORDERDETAILS (ORDERID, PRODUCTID, UNITPRICE, QUANTITY, DISCOUNT)  
VALUES (10276.0, 13.0, 4.8, 10.0, 0.0);

INSERT INTO ORDERDETAILS (ORDERID, PRODUCTID, UNITPRICE, QUANTITY, DISCOUNT)  
VALUES (10277.0, 28.0, 36.4, 20.0, 0.0);

INSERT INTO ORDERDETAILS (ORDERID, PRODUCTID, UNITPRICE, QUANTITY, DISCOUNT)  
VALUES (10277.0, 62.0, 39.4, 12.0, 0.0);

INSERT INTO ORDERDETAILS (ORDERID, PRODUCTID, UNITPRICE, QUANTITY, DISCOUNT)  
VALUES (10278.0, 44.0, 15.5, 16.0, 0.0);

INSERT INTO ORDERDETAILS (ORDERID, PRODUCTID, UNITPRICE, QUANTITY, DISCOUNT)  
VALUES (10278.0, 59.0, 44.0, 15.0, 0.0);

INSERT INTO ORDERDETAILS (ORDERID, PRODUCTID, UNITPRICE, QUANTITY, DISCOUNT)  
VALUES (10278.0, 63.0, 35.1, 8.0, 0.0);

INSERT INTO ORDERDETAILS (ORDERID, PRODUCTID, UNITPRICE, QUANTITY, DISCOUNT)  
VALUES (10278.0, 73.0, 12.0, 25.0, 0.0);

INSERT INTO ORDERDETAILS (ORDERID, PRODUCTID, UNITPRICE, QUANTITY, DISCOUNT)  
VALUES (10279.0, 17.0, 31.2, 15.0, 0.25);

INSERT INTO ORDERDETAILS (ORDERID, PRODUCTID, UNITPRICE, QUANTITY, DISCOUNT)  
VALUES (10280.0, 24.0, 3.6, 12.0, 0.0);

INSERT INTO ORDERDETAILS (ORDERID, PRODUCTID, UNITPRICE, QUANTITY, DISCOUNT)  
VALUES (10280.0, 55.0, 19.2, 20.0, 0.0);

INSERT INTO ORDERDETAILS (ORDERID, PRODUCTID, UNITPRICE, QUANTITY, DISCOUNT)  
VALUES (10280.0, 75.0, 6.2, 30.0, 0.0);

INSERT INTO ORDERDETAILS (ORDERID, PRODUCTID, UNITPRICE, QUANTITY, DISCOUNT)  
VALUES (10281.0, 19.0, 7.3, 1.0, 0.0);

INSERT INTO ORDERDETAILS (ORDERID, PRODUCTID, UNITPRICE, QUANTITY, DISCOUNT)  
VALUES (10281.0, 24.0, 3.6, 6.0, 0.0);

INSERT INTO ORDERDETAILS (ORDERID, PRODUCTID, UNITPRICE, QUANTITY, DISCOUNT)  
VALUES (10281.0, 35.0, 14.4, 4.0, 0.0);

INSERT INTO ORDERDETAILS (ORDERID, PRODUCTID, UNITPRICE, QUANTITY, DISCOUNT)  
VALUES (10282.0, 30.0, 20.7, 6.0, 0.0);

INSERT INTO ORDERDETAILS (ORDERID, PRODUCTID, UNITPRICE, QUANTITY, DISCOUNT)  
VALUES (10282.0, 57.0, 15.6, 2.0, 0.0);

INSERT INTO ORDERDETAILS (ORDERID, PRODUCTID, UNITPRICE, QUANTITY, DISCOUNT)  
VALUES (10283.0, 15.0, 12.4, 20.0, 0.0);

INSERT INTO ORDERDETAILS (ORDERID, PRODUCTID, UNITPRICE, QUANTITY, DISCOUNT)  
VALUES (10283.0, 19.0, 7.3, 18.0, 0.0);

INSERT INTO ORDERDETAILS (ORDERID, PRODUCTID, UNITPRICE, QUANTITY, DISCOUNT)  
VALUES (10283.0, 60.0, 27.2, 35.0, 0.0);

INSERT INTO ORDERDETAILS (ORDERID, PRODUCTID, UNITPRICE, QUANTITY, DISCOUNT)  
VALUES (10283.0, 72.0, 27.8, 3.0, 0.0);

INSERT INTO ORDERDETAILS (ORDERID, PRODUCTID, UNITPRICE, QUANTITY, DISCOUNT)  
VALUES (10284.0, 27.0, 35.1, 15.0, 0.25);

INSERT INTO ORDERDETAILS (ORDERID, PRODUCTID, UNITPRICE, QUANTITY, DISCOUNT)  
VALUES (10284.0, 44.0, 15.5, 21.0, 0.0);

INSERT INTO ORDERDETAILS (ORDERID, PRODUCTID, UNITPRICE, QUANTITY, DISCOUNT)  
VALUES (10284.0, 60.0, 27.2, 20.0, 0.25);

INSERT INTO ORDERDETAILS (ORDERID, PRODUCTID, UNITPRICE, QUANTITY, DISCOUNT)  
VALUES (10284.0, 67.0, 11.2, 5.0, 0.25);

INSERT INTO ORDERDETAILS (ORDERID, PRODUCTID, UNITPRICE, QUANTITY, DISCOUNT)  
VALUES (10285.0, 1.0, 14.4, 45.0, 0.2);

INSERT INTO ORDERDETAILS (ORDERID, PRODUCTID, UNITPRICE, QUANTITY, DISCOUNT)  
VALUES (10285.0, 40.0, 14.7, 40.0, 0.2);

INSERT INTO ORDERDETAILS (ORDERID, PRODUCTID, UNITPRICE, QUANTITY, DISCOUNT)  
VALUES (10285.0, 53.0, 26.2, 36.0, 0.2);

INSERT INTO ORDERDETAILS (ORDERID, PRODUCTID, UNITPRICE, QUANTITY, DISCOUNT)  
VALUES (10286.0, 35.0, 14.4, 100.0, 0.0);

INSERT INTO ORDERDETAILS (ORDERID, PRODUCTID, UNITPRICE, QUANTITY, DISCOUNT)  
VALUES (10286.0, 62.0, 39.4, 40.0, 0.0);

INSERT INTO ORDERDETAILS (ORDERID, PRODUCTID, UNITPRICE, QUANTITY, DISCOUNT)  
VALUES (10287.0, 16.0, 13.9, 40.0, 0.15);

INSERT INTO ORDERDETAILS (ORDERID, PRODUCTID, UNITPRICE, QUANTITY, DISCOUNT)  
VALUES (10287.0, 34.0, 11.2, 20.0, 0.0);

INSERT INTO ORDERDETAILS (ORDERID, PRODUCTID, UNITPRICE, QUANTITY, DISCOUNT)  
VALUES (10287.0, 46.0, 9.6, 15.0, 0.15);

INSERT INTO ORDERDETAILS (ORDERID, PRODUCTID, UNITPRICE, QUANTITY, DISCOUNT)  
VALUES (10288.0, 54.0, 5.9, 10.0, 0.1);

INSERT INTO ORDERDETAILS (ORDERID, PRODUCTID, UNITPRICE, QUANTITY, DISCOUNT)  
VALUES (10288.0, 68.0, 10.0, 3.0, 0.1);

INSERT INTO ORDERDETAILS (ORDERID, PRODUCTID, UNITPRICE, QUANTITY, DISCOUNT)  
VALUES (10289.0, 3.0, 8.0, 30.0, 0.0);

INSERT INTO ORDERDETAILS (ORDERID, PRODUCTID, UNITPRICE, QUANTITY, DISCOUNT)  
VALUES (10289.0, 64.0, 26.6, 9.0, 0.0);

INSERT INTO ORDERDETAILS (ORDERID, PRODUCTID, UNITPRICE, QUANTITY, DISCOUNT)  
VALUES (10290.0, 5.0, 17.0, 20.0, 0.0);

INSERT INTO ORDERDETAILS (ORDERID, PRODUCTID, UNITPRICE, QUANTITY, DISCOUNT)  
VALUES (10290.0, 29.0, 99.0, 15.0, 0.0);

INSERT INTO ORDERDETAILS (ORDERID, PRODUCTID, UNITPRICE, QUANTITY, DISCOUNT)  
VALUES (10290.0, 49.0, 16.0, 15.0, 0.0);

INSERT INTO ORDERDETAILS (ORDERID, PRODUCTID, UNITPRICE, QUANTITY, DISCOUNT)  
VALUES (10290.0, 77.0, 10.4, 10.0, 0.0);

INSERT INTO ORDERDETAILS (ORDERID, PRODUCTID, UNITPRICE, QUANTITY, DISCOUNT)  
VALUES (10291.0, 13.0, 4.8, 20.0, 0.1);

INSERT INTO ORDERDETAILS (ORDERID, PRODUCTID, UNITPRICE, QUANTITY, DISCOUNT)  
VALUES (10291.0, 44.0, 15.5, 24.0, 0.1);

INSERT INTO ORDERDETAILS (ORDERID, PRODUCTID, UNITPRICE, QUANTITY, DISCOUNT)  
VALUES (10291.0, 51.0, 42.4, 2.0, 0.1);

INSERT INTO ORDERDETAILS (ORDERID, PRODUCTID, UNITPRICE, QUANTITY, DISCOUNT)  
VALUES (10292.0, 20.0, 64.8, 20.0, 0.0);

INSERT INTO ORDERDETAILS (ORDERID, PRODUCTID, UNITPRICE, QUANTITY, DISCOUNT)  
VALUES (10293.0, 18.0, 50.0, 12.0, 0.0);

INSERT INTO ORDERDETAILS (ORDERID, PRODUCTID, UNITPRICE, QUANTITY, DISCOUNT)  
VALUES (10293.0, 24.0, 3.6, 10.0, 0.0);

INSERT INTO ORDERDETAILS (ORDERID, PRODUCTID, UNITPRICE, QUANTITY, DISCOUNT)  
VALUES (10293.0, 63.0, 35.1, 5.0, 0.0);

INSERT INTO ORDERDETAILS (ORDERID, PRODUCTID, UNITPRICE, QUANTITY, DISCOUNT)  
VALUES (10293.0, 75.0, 6.2, 6.0, 0.0);

INSERT INTO ORDERDETAILS (ORDERID, PRODUCTID, UNITPRICE, QUANTITY, DISCOUNT)  
VALUES (10294.0, 1.0, 14.4, 18.0, 0.0);

INSERT INTO ORDERDETAILS (ORDERID, PRODUCTID, UNITPRICE, QUANTITY, DISCOUNT)  
VALUES (10294.0, 17.0, 31.2, 15.0, 0.0);

INSERT INTO ORDERDETAILS (ORDERID, PRODUCTID, UNITPRICE, QUANTITY, DISCOUNT)  
VALUES (10294.0, 43.0, 36.8, 15.0, 0.0);

INSERT INTO ORDERDETAILS (ORDERID, PRODUCTID, UNITPRICE, QUANTITY, DISCOUNT)  
VALUES (10294.0, 60.0, 27.2, 21.0, 0.0);

INSERT INTO ORDERDETAILS (ORDERID, PRODUCTID, UNITPRICE, QUANTITY, DISCOUNT)  
VALUES (10294.0, 75.0, 6.2, 6.0, 0.0);

INSERT INTO ORDERDETAILS (ORDERID, PRODUCTID, UNITPRICE, QUANTITY, DISCOUNT)  
VALUES (10295.0, 56.0, 30.4, 4.0, 0.0);

INSERT INTO ORDERDETAILS (ORDERID, PRODUCTID, UNITPRICE, QUANTITY, DISCOUNT)  
VALUES (10296.0, 11.0, 16.8, 12.0, 0.0);

INSERT INTO ORDERDETAILS (ORDERID, PRODUCTID, UNITPRICE, QUANTITY, DISCOUNT)  
VALUES (10296.0, 16.0, 13.9, 30.0, 0.0);

INSERT INTO ORDERDETAILS (ORDERID, PRODUCTID, UNITPRICE, QUANTITY, DISCOUNT)  
VALUES (10296.0, 69.0, 28.8, 15.0, 0.0);

INSERT INTO ORDERDETAILS (ORDERID, PRODUCTID, UNITPRICE, QUANTITY, DISCOUNT)  
VALUES (10297.0, 39.0, 14.4, 60.0, 0.0);

INSERT INTO ORDERDETAILS (ORDERID, PRODUCTID, UNITPRICE, QUANTITY, DISCOUNT)  
VALUES (10297.0, 72.0, 27.8, 20.0, 0.0);

INSERT INTO ORDERDETAILS (ORDERID, PRODUCTID, UNITPRICE, QUANTITY, DISCOUNT)  
VALUES (10298.0, 2.0, 15.2, 40.0, 0.0);

INSERT INTO ORDERDETAILS (ORDERID, PRODUCTID, UNITPRICE, QUANTITY, DISCOUNT)  
VALUES (10298.0, 36.0, 15.2, 40.0, 0.25);

INSERT INTO ORDERDETAILS (ORDERID, PRODUCTID, UNITPRICE, QUANTITY, DISCOUNT)  
VALUES (10298.0, 59.0, 44.0, 30.0, 0.25);

INSERT INTO ORDERDETAILS (ORDERID, PRODUCTID, UNITPRICE, QUANTITY, DISCOUNT)  
VALUES (10298.0, 62.0, 39.4, 15.0, 0.0);

INSERT INTO ORDERDETAILS (ORDERID, PRODUCTID, UNITPRICE, QUANTITY, DISCOUNT)  
VALUES (10299.0, 19.0, 7.3, 15.0, 0.0);

INSERT INTO ORDERDETAILS (ORDERID, PRODUCTID, UNITPRICE, QUANTITY, DISCOUNT)  
VALUES (10299.0, 70.0, 12.0, 20.0, 0.0);

INSERT INTO ORDERDETAILS (ORDERID, PRODUCTID, UNITPRICE, QUANTITY, DISCOUNT)  
VALUES (10300.0, 66.0, 13.6, 30.0, 0.0);

INSERT INTO ORDERDETAILS (ORDERID, PRODUCTID, UNITPRICE, QUANTITY, DISCOUNT)  
VALUES (10300.0, 68.0, 10.0, 20.0, 0.0);

INSERT INTO ORDERDETAILS (ORDERID, PRODUCTID, UNITPRICE, QUANTITY, DISCOUNT)  
VALUES (10301.0, 40.0, 14.7, 10.0, 0.0);

INSERT INTO ORDERDETAILS (ORDERID, PRODUCTID, UNITPRICE, QUANTITY, DISCOUNT)  
VALUES (10301.0, 56.0, 30.4, 20.0, 0.0);

INSERT INTO ORDERDETAILS (ORDERID, PRODUCTID, UNITPRICE, QUANTITY, DISCOUNT)  
VALUES (10302.0, 17.0, 31.2, 40.0, 0.0);

INSERT INTO ORDERDETAILS (ORDERID, PRODUCTID, UNITPRICE, QUANTITY, DISCOUNT)  
VALUES (10302.0, 28.0, 36.4, 28.0, 0.0);

INSERT INTO ORDERDETAILS (ORDERID, PRODUCTID, UNITPRICE, QUANTITY, DISCOUNT)  
VALUES (10302.0, 43.0, 36.8, 12.0, 0.0);

INSERT INTO ORDERDETAILS (ORDERID, PRODUCTID, UNITPRICE, QUANTITY, DISCOUNT)  
VALUES (10303.0, 40.0, 14.7, 40.0, 0.1);

INSERT INTO ORDERDETAILS (ORDERID, PRODUCTID, UNITPRICE, QUANTITY, DISCOUNT)  
VALUES (10303.0, 65.0, 16.8, 30.0, 0.1);

INSERT INTO ORDERDETAILS (ORDERID, PRODUCTID, UNITPRICE, QUANTITY, DISCOUNT)  
VALUES (10303.0, 68.0, 10.0, 15.0, 0.1);

INSERT INTO ORDERDETAILS (ORDERID, PRODUCTID, UNITPRICE, QUANTITY, DISCOUNT)  
VALUES (10304.0, 49.0, 16.0, 30.0, 0.0);

INSERT INTO ORDERDETAILS (ORDERID, PRODUCTID, UNITPRICE, QUANTITY, DISCOUNT)  
VALUES (10304.0, 59.0, 44.0, 10.0, 0.0);

INSERT INTO ORDERDETAILS (ORDERID, PRODUCTID, UNITPRICE, QUANTITY, DISCOUNT)  
VALUES (10304.0, 71.0, 17.2, 2.0, 0.0);

INSERT INTO ORDERDETAILS (ORDERID, PRODUCTID, UNITPRICE, QUANTITY, DISCOUNT)  
VALUES (10305.0, 18.0, 50.0, 25.0, 0.1);

INSERT INTO ORDERDETAILS (ORDERID, PRODUCTID, UNITPRICE, QUANTITY, DISCOUNT)  
VALUES (10305.0, 29.0, 99.0, 25.0, 0.1);

INSERT INTO ORDERDETAILS (ORDERID, PRODUCTID, UNITPRICE, QUANTITY, DISCOUNT)  
VALUES (10305.0, 39.0, 14.4, 30.0, 0.1);

INSERT INTO ORDERDETAILS (ORDERID, PRODUCTID, UNITPRICE, QUANTITY, DISCOUNT)  
VALUES (10306.0, 30.0, 20.7, 10.0, 0.0);

INSERT INTO ORDERDETAILS (ORDERID, PRODUCTID, UNITPRICE, QUANTITY, DISCOUNT)  
VALUES (10306.0, 53.0, 26.2, 10.0, 0.0);

INSERT INTO ORDERDETAILS (ORDERID, PRODUCTID, UNITPRICE, QUANTITY, DISCOUNT)  
VALUES (10306.0, 54.0, 5.9, 5.0, 0.0);

INSERT INTO ORDERDETAILS (ORDERID, PRODUCTID, UNITPRICE, QUANTITY, DISCOUNT)  
VALUES (10307.0, 62.0, 39.4, 10.0, 0.0);

INSERT INTO ORDERDETAILS (ORDERID, PRODUCTID, UNITPRICE, QUANTITY, DISCOUNT)  
VALUES (10307.0, 68.0, 10.0, 3.0, 0.0);

INSERT INTO ORDERDETAILS (ORDERID, PRODUCTID, UNITPRICE, QUANTITY, DISCOUNT)  
VALUES (10308.0, 69.0, 28.8, 1.0, 0.0);

INSERT INTO ORDERDETAILS (ORDERID, PRODUCTID, UNITPRICE, QUANTITY, DISCOUNT)  
VALUES (10308.0, 70.0, 12.0, 5.0, 0.0);

INSERT INTO ORDERDETAILS (ORDERID, PRODUCTID, UNITPRICE, QUANTITY, DISCOUNT)  
VALUES (10309.0, 4.0, 17.6, 20.0, 0.0);

INSERT INTO ORDERDETAILS (ORDERID, PRODUCTID, UNITPRICE, QUANTITY, DISCOUNT)  
VALUES (10309.0, 6.0, 20.0, 30.0, 0.0);

INSERT INTO ORDERDETAILS (ORDERID, PRODUCTID, UNITPRICE, QUANTITY, DISCOUNT)  
VALUES (10309.0, 42.0, 11.2, 2.0, 0.0);

INSERT INTO ORDERDETAILS (ORDERID, PRODUCTID, UNITPRICE, QUANTITY, DISCOUNT)  
VALUES (10309.0, 43.0, 36.8, 20.0, 0.0);

INSERT INTO ORDERDETAILS (ORDERID, PRODUCTID, UNITPRICE, QUANTITY, DISCOUNT)  
VALUES (10309.0, 71.0, 17.2, 3.0, 0.0);

INSERT INTO ORDERDETAILS (ORDERID, PRODUCTID, UNITPRICE, QUANTITY, DISCOUNT)  
VALUES (10310.0, 16.0, 13.9, 10.0, 0.0);

INSERT INTO ORDERDETAILS (ORDERID, PRODUCTID, UNITPRICE, QUANTITY, DISCOUNT)  
VALUES (10310.0, 62.0, 39.4, 5.0, 0.0);

INSERT INTO ORDERDETAILS (ORDERID, PRODUCTID, UNITPRICE, QUANTITY, DISCOUNT)  
VALUES (10311.0, 42.0, 11.2, 6.0, 0.0);

INSERT INTO ORDERDETAILS (ORDERID, PRODUCTID, UNITPRICE, QUANTITY, DISCOUNT)  
VALUES (10311.0, 69.0, 28.8, 7.0, 0.0);

INSERT INTO ORDERDETAILS (ORDERID, PRODUCTID, UNITPRICE, QUANTITY, DISCOUNT)  
VALUES (10312.0, 28.0, 36.4, 4.0, 0.0);

INSERT INTO ORDERDETAILS (ORDERID, PRODUCTID, UNITPRICE, QUANTITY, DISCOUNT)  
VALUES (10312.0, 43.0, 36.8, 24.0, 0.0);

INSERT INTO ORDERDETAILS (ORDERID, PRODUCTID, UNITPRICE, QUANTITY, DISCOUNT)  
VALUES (10312.0, 53.0, 26.2, 20.0, 0.0);

INSERT INTO ORDERDETAILS (ORDERID, PRODUCTID, UNITPRICE, QUANTITY, DISCOUNT)  
VALUES (10312.0, 75.0, 6.2, 10.0, 0.0);

INSERT INTO ORDERDETAILS (ORDERID, PRODUCTID, UNITPRICE, QUANTITY, DISCOUNT)  
VALUES (10313.0, 36.0, 15.2, 12.0, 0.0);

INSERT INTO ORDERDETAILS (ORDERID, PRODUCTID, UNITPRICE, QUANTITY, DISCOUNT)  
VALUES (10314.0, 32.0, 25.6, 40.0, 0.1);

INSERT INTO ORDERDETAILS (ORDERID, PRODUCTID, UNITPRICE, QUANTITY, DISCOUNT)  
VALUES (10314.0, 58.0, 10.6, 30.0, 0.1);

INSERT INTO ORDERDETAILS (ORDERID, PRODUCTID, UNITPRICE, QUANTITY, DISCOUNT)  
VALUES (10314.0, 62.0, 39.4, 25.0, 0.1);

INSERT INTO ORDERDETAILS (ORDERID, PRODUCTID, UNITPRICE, QUANTITY, DISCOUNT)  
VALUES (10315.0, 34.0, 11.2, 14.0, 0.0);

INSERT INTO ORDERDETAILS (ORDERID, PRODUCTID, UNITPRICE, QUANTITY, DISCOUNT)  
VALUES (10315.0, 70.0, 12.0, 30.0, 0.0);

INSERT INTO ORDERDETAILS (ORDERID, PRODUCTID, UNITPRICE, QUANTITY, DISCOUNT)  
VALUES (10316.0, 41.0, 7.7, 10.0, 0.0);

INSERT INTO ORDERDETAILS (ORDERID, PRODUCTID, UNITPRICE, QUANTITY, DISCOUNT)  
VALUES (10316.0, 62.0, 39.4, 70.0, 0.0);

INSERT INTO ORDERDETAILS (ORDERID, PRODUCTID, UNITPRICE, QUANTITY, DISCOUNT)  
VALUES (10317.0, 1.0, 14.4, 20.0, 0.0);

INSERT INTO ORDERDETAILS (ORDERID, PRODUCTID, UNITPRICE, QUANTITY, DISCOUNT)  
VALUES (10318.0, 41.0, 7.7, 20.0, 0.0);

INSERT INTO ORDERDETAILS (ORDERID, PRODUCTID, UNITPRICE, QUANTITY, DISCOUNT)  
VALUES (10318.0, 76.0, 14.4, 6.0, 0.0);

INSERT INTO ORDERDETAILS (ORDERID, PRODUCTID, UNITPRICE, QUANTITY, DISCOUNT)  
VALUES (10319.0, 17.0, 31.2, 8.0, 0.0);

INSERT INTO ORDERDETAILS (ORDERID, PRODUCTID, UNITPRICE, QUANTITY, DISCOUNT)  
VALUES (10319.0, 28.0, 36.4, 14.0, 0.0);

INSERT INTO ORDERDETAILS (ORDERID, PRODUCTID, UNITPRICE, QUANTITY, DISCOUNT)  
VALUES (10319.0, 76.0, 14.4, 30.0, 0.0);

INSERT INTO ORDERDETAILS (ORDERID, PRODUCTID, UNITPRICE, QUANTITY, DISCOUNT)  
VALUES (10320.0, 71.0, 17.2, 30.0, 0.0);

INSERT INTO ORDERDETAILS (ORDERID, PRODUCTID, UNITPRICE, QUANTITY, DISCOUNT)  
VALUES (10321.0, 35.0, 14.4, 10.0, 0.0);

INSERT INTO ORDERDETAILS (ORDERID, PRODUCTID, UNITPRICE, QUANTITY, DISCOUNT)  
VALUES (10322.0, 52.0, 5.6, 20.0, 0.0);

INSERT INTO ORDERDETAILS (ORDERID, PRODUCTID, UNITPRICE, QUANTITY, DISCOUNT)  
VALUES (10323.0, 15.0, 12.4, 5.0, 0.0);

INSERT INTO ORDERDETAILS (ORDERID, PRODUCTID, UNITPRICE, QUANTITY, DISCOUNT)  
VALUES (10323.0, 25.0, 11.2, 4.0, 0.0);

INSERT INTO ORDERDETAILS (ORDERID, PRODUCTID, UNITPRICE, QUANTITY, DISCOUNT)  
VALUES (10323.0, 39.0, 14.4, 4.0, 0.0);

INSERT INTO ORDERDETAILS (ORDERID, PRODUCTID, UNITPRICE, QUANTITY, DISCOUNT)  
VALUES (10324.0, 16.0, 13.9, 21.0, 0.15);

INSERT INTO ORDERDETAILS (ORDERID, PRODUCTID, UNITPRICE, QUANTITY, DISCOUNT)  
VALUES (10324.0, 35.0, 14.4, 70.0, 0.15);

INSERT INTO ORDERDETAILS (ORDERID, PRODUCTID, UNITPRICE, QUANTITY, DISCOUNT)  
VALUES (10324.0, 46.0, 9.6, 30.0, 0.0);

INSERT INTO ORDERDETAILS (ORDERID, PRODUCTID, UNITPRICE, QUANTITY, DISCOUNT)  
VALUES (10324.0, 59.0, 44.0, 40.0, 0.15);

INSERT INTO ORDERDETAILS (ORDERID, PRODUCTID, UNITPRICE, QUANTITY, DISCOUNT)  
VALUES (10324.0, 63.0, 35.1, 80.0, 0.15);

INSERT INTO ORDERDETAILS (ORDERID, PRODUCTID, UNITPRICE, QUANTITY, DISCOUNT)  
VALUES (10325.0, 6.0, 20.0, 6.0, 0.0);

INSERT INTO ORDERDETAILS (ORDERID, PRODUCTID, UNITPRICE, QUANTITY, DISCOUNT)  
VALUES (10325.0, 13.0, 4.8, 12.0, 0.0);

INSERT INTO ORDERDETAILS (ORDERID, PRODUCTID, UNITPRICE, QUANTITY, DISCOUNT)  
VALUES (10325.0, 14.0, 18.6, 9.0, 0.0);

INSERT INTO ORDERDETAILS (ORDERID, PRODUCTID, UNITPRICE, QUANTITY, DISCOUNT)  
VALUES (10325.0, 31.0, 10.0, 4.0, 0.0);

INSERT INTO ORDERDETAILS (ORDERID, PRODUCTID, UNITPRICE, QUANTITY, DISCOUNT)  
VALUES (10325.0, 72.0, 27.8, 40.0, 0.0);

INSERT INTO ORDERDETAILS (ORDERID, PRODUCTID, UNITPRICE, QUANTITY, DISCOUNT)  
VALUES (10326.0, 4.0, 17.6, 24.0, 0.0);

INSERT INTO ORDERDETAILS (ORDERID, PRODUCTID, UNITPRICE, QUANTITY, DISCOUNT)  
VALUES (10326.0, 57.0, 15.6, 16.0, 0.0);

INSERT INTO ORDERDETAILS (ORDERID, PRODUCTID, UNITPRICE, QUANTITY, DISCOUNT)  
VALUES (10326.0, 75.0, 6.2, 50.0, 0.0);

INSERT INTO ORDERDETAILS (ORDERID, PRODUCTID, UNITPRICE, QUANTITY, DISCOUNT)  
VALUES (10327.0, 2.0, 15.2, 25.0, 0.2);

INSERT INTO ORDERDETAILS (ORDERID, PRODUCTID, UNITPRICE, QUANTITY, DISCOUNT)  
VALUES (10327.0, 11.0, 16.8, 50.0, 0.2);

INSERT INTO ORDERDETAILS (ORDERID, PRODUCTID, UNITPRICE, QUANTITY, DISCOUNT)  
VALUES (10327.0, 30.0, 20.7, 35.0, 0.2);

INSERT INTO ORDERDETAILS (ORDERID, PRODUCTID, UNITPRICE, QUANTITY, DISCOUNT)  
VALUES (10327.0, 58.0, 10.6, 30.0, 0.2);

INSERT INTO ORDERDETAILS (ORDERID, PRODUCTID, UNITPRICE, QUANTITY, DISCOUNT)  
VALUES (10328.0, 59.0, 44.0, 9.0, 0.0);

INSERT INTO ORDERDETAILS (ORDERID, PRODUCTID, UNITPRICE, QUANTITY, DISCOUNT)  
VALUES (10328.0, 65.0, 16.8, 40.0, 0.0);

INSERT INTO ORDERDETAILS (ORDERID, PRODUCTID, UNITPRICE, QUANTITY, DISCOUNT)  
VALUES (10328.0, 68.0, 10.0, 10.0, 0.0);

INSERT INTO ORDERDETAILS (ORDERID, PRODUCTID, UNITPRICE, QUANTITY, DISCOUNT)  
VALUES (10329.0, 19.0, 7.3, 10.0, 0.05);

INSERT INTO ORDERDETAILS (ORDERID, PRODUCTID, UNITPRICE, QUANTITY, DISCOUNT)  
VALUES (10329.0, 30.0, 20.7, 8.0, 0.05);

INSERT INTO ORDERDETAILS (ORDERID, PRODUCTID, UNITPRICE, QUANTITY, DISCOUNT)  
VALUES (10329.0, 38.0, 210.8, 20.0, 0.05);

INSERT INTO ORDERDETAILS (ORDERID, PRODUCTID, UNITPRICE, QUANTITY, DISCOUNT)  
VALUES (10329.0, 56.0, 30.4, 12.0, 0.05);

INSERT INTO ORDERDETAILS (ORDERID, PRODUCTID, UNITPRICE, QUANTITY, DISCOUNT)  
VALUES (10330.0, 26.0, 24.9, 50.0, 0.15);

INSERT INTO ORDERDETAILS (ORDERID, PRODUCTID, UNITPRICE, QUANTITY, DISCOUNT)  
VALUES (10330.0, 72.0, 27.8, 25.0, 0.15);

INSERT INTO ORDERDETAILS (ORDERID, PRODUCTID, UNITPRICE, QUANTITY, DISCOUNT)  
VALUES (10331.0, 54.0, 5.9, 15.0, 0.0);

INSERT INTO ORDERDETAILS (ORDERID, PRODUCTID, UNITPRICE, QUANTITY, DISCOUNT)  
VALUES (10332.0, 18.0, 50.0, 40.0, 0.2);

INSERT INTO ORDERDETAILS (ORDERID, PRODUCTID, UNITPRICE, QUANTITY, DISCOUNT)  
VALUES (10332.0, 42.0, 11.2, 10.0, 0.2);

INSERT INTO ORDERDETAILS (ORDERID, PRODUCTID, UNITPRICE, QUANTITY, DISCOUNT)  
VALUES (10332.0, 47.0, 7.6, 16.0, 0.2);

INSERT INTO ORDERDETAILS (ORDERID, PRODUCTID, UNITPRICE, QUANTITY, DISCOUNT)  
VALUES (10333.0, 14.0, 18.6, 10.0, 0.0);

INSERT INTO ORDERDETAILS (ORDERID, PRODUCTID, UNITPRICE, QUANTITY, DISCOUNT)  
VALUES (10333.0, 21.0, 8.0, 10.0, 0.1);

INSERT INTO ORDERDETAILS (ORDERID, PRODUCTID, UNITPRICE, QUANTITY, DISCOUNT)  
VALUES (10333.0, 71.0, 17.2, 40.0, 0.1);

INSERT INTO ORDERDETAILS (ORDERID, PRODUCTID, UNITPRICE, QUANTITY, DISCOUNT)  
VALUES (10334.0, 52.0, 5.6, 8.0, 0.0);

INSERT INTO ORDERDETAILS (ORDERID, PRODUCTID, UNITPRICE, QUANTITY, DISCOUNT)  
VALUES (10334.0, 68.0, 10.0, 10.0, 0.0);

INSERT INTO ORDERDETAILS (ORDERID, PRODUCTID, UNITPRICE, QUANTITY, DISCOUNT)  
VALUES (10335.0, 2.0, 15.2, 7.0, 0.2);

INSERT INTO ORDERDETAILS (ORDERID, PRODUCTID, UNITPRICE, QUANTITY, DISCOUNT)  
VALUES (10335.0, 31.0, 10.0, 25.0, 0.2);

INSERT INTO ORDERDETAILS (ORDERID, PRODUCTID, UNITPRICE, QUANTITY, DISCOUNT)  
VALUES (10335.0, 32.0, 25.6, 6.0, 0.2);

INSERT INTO ORDERDETAILS (ORDERID, PRODUCTID, UNITPRICE, QUANTITY, DISCOUNT)  
VALUES (10335.0, 51.0, 42.4, 48.0, 0.2);

INSERT INTO ORDERDETAILS (ORDERID, PRODUCTID, UNITPRICE, QUANTITY, DISCOUNT)  
VALUES (10336.0, 4.0, 17.6, 18.0, 0.1);

INSERT INTO ORDERDETAILS (ORDERID, PRODUCTID, UNITPRICE, QUANTITY, DISCOUNT)  
VALUES (10337.0, 23.0, 7.2, 40.0, 0.0);

INSERT INTO ORDERDETAILS (ORDERID, PRODUCTID, UNITPRICE, QUANTITY, DISCOUNT)  
VALUES (10337.0, 26.0, 24.9, 24.0, 0.0);

INSERT INTO ORDERDETAILS (ORDERID, PRODUCTID, UNITPRICE, QUANTITY, DISCOUNT)  
VALUES (10337.0, 36.0, 15.2, 20.0, 0.0);

INSERT INTO ORDERDETAILS (ORDERID, PRODUCTID, UNITPRICE, QUANTITY, DISCOUNT)  
VALUES (10337.0, 37.0, 20.8, 28.0, 0.0);

INSERT INTO ORDERDETAILS (ORDERID, PRODUCTID, UNITPRICE, QUANTITY, DISCOUNT)  
VALUES (10337.0, 72.0, 27.8, 25.0, 0.0);

INSERT INTO ORDERDETAILS (ORDERID, PRODUCTID, UNITPRICE, QUANTITY, DISCOUNT)  
VALUES (10338.0, 17.0, 31.2, 20.0, 0.0);

INSERT INTO ORDERDETAILS (ORDERID, PRODUCTID, UNITPRICE, QUANTITY, DISCOUNT)  
VALUES (10338.0, 30.0, 20.7, 15.0, 0.0);

INSERT INTO ORDERDETAILS (ORDERID, PRODUCTID, UNITPRICE, QUANTITY, DISCOUNT)  
VALUES (10339.0, 4.0, 17.6, 10.0, 0.0);

INSERT INTO ORDERDETAILS (ORDERID, PRODUCTID, UNITPRICE, QUANTITY, DISCOUNT)  
VALUES (10339.0, 17.0, 31.2, 70.0, 0.05);

INSERT INTO ORDERDETAILS (ORDERID, PRODUCTID, UNITPRICE, QUANTITY, DISCOUNT)  
VALUES (10339.0, 62.0, 39.4, 28.0, 0.0);

INSERT INTO ORDERDETAILS (ORDERID, PRODUCTID, UNITPRICE, QUANTITY, DISCOUNT)  
VALUES (10340.0, 18.0, 50.0, 20.0, 0.05);

INSERT INTO ORDERDETAILS (ORDERID, PRODUCTID, UNITPRICE, QUANTITY, DISCOUNT)  
VALUES (10340.0, 41.0, 7.7, 12.0, 0.05);

INSERT INTO ORDERDETAILS (ORDERID, PRODUCTID, UNITPRICE, QUANTITY, DISCOUNT)  
VALUES (10340.0, 43.0, 36.8, 40.0, 0.05);

INSERT INTO ORDERDETAILS (ORDERID, PRODUCTID, UNITPRICE, QUANTITY, DISCOUNT)  
VALUES (10341.0, 33.0, 2.0, 8.0, 0.0);

INSERT INTO ORDERDETAILS (ORDERID, PRODUCTID, UNITPRICE, QUANTITY, DISCOUNT)  
VALUES (10341.0, 59.0, 44.0, 9.0, 0.15);

INSERT INTO ORDERDETAILS (ORDERID, PRODUCTID, UNITPRICE, QUANTITY, DISCOUNT)  
VALUES (10342.0, 2.0, 15.2, 24.0, 0.2);

INSERT INTO ORDERDETAILS (ORDERID, PRODUCTID, UNITPRICE, QUANTITY, DISCOUNT)  
VALUES (10342.0, 31.0, 10.0, 56.0, 0.2);

INSERT INTO ORDERDETAILS (ORDERID, PRODUCTID, UNITPRICE, QUANTITY, DISCOUNT)  
VALUES (10342.0, 36.0, 15.2, 40.0, 0.2);

INSERT INTO ORDERDETAILS (ORDERID, PRODUCTID, UNITPRICE, QUANTITY, DISCOUNT)  
VALUES (10342.0, 55.0, 19.2, 40.0, 0.2);

INSERT INTO ORDERDETAILS (ORDERID, PRODUCTID, UNITPRICE, QUANTITY, DISCOUNT)  
VALUES (10343.0, 64.0, 26.6, 50.0, 0.0);

INSERT INTO ORDERDETAILS (ORDERID, PRODUCTID, UNITPRICE, QUANTITY, DISCOUNT)  
VALUES (10343.0, 68.0, 10.0, 4.0, 0.05);

INSERT INTO ORDERDETAILS (ORDERID, PRODUCTID, UNITPRICE, QUANTITY, DISCOUNT)  
VALUES (10343.0, 76.0, 14.4, 15.0, 0.0);

INSERT INTO ORDERDETAILS (ORDERID, PRODUCTID, UNITPRICE, QUANTITY, DISCOUNT)  
VALUES (10344.0, 4.0, 17.6, 35.0, 0.0);

INSERT INTO ORDERDETAILS (ORDERID, PRODUCTID, UNITPRICE, QUANTITY, DISCOUNT)  
VALUES (10344.0, 8.0, 32.0, 70.0, 0.25);

INSERT INTO ORDERDETAILS (ORDERID, PRODUCTID, UNITPRICE, QUANTITY, DISCOUNT)  
VALUES (10345.0, 8.0, 32.0, 70.0, 0.0);

INSERT INTO ORDERDETAILS (ORDERID, PRODUCTID, UNITPRICE, QUANTITY, DISCOUNT)  
VALUES (10345.0, 19.0, 7.3, 80.0, 0.0);

INSERT INTO ORDERDETAILS (ORDERID, PRODUCTID, UNITPRICE, QUANTITY, DISCOUNT)  
VALUES (10345.0, 42.0, 11.2, 9.0, 0.0);

INSERT INTO ORDERDETAILS (ORDERID, PRODUCTID, UNITPRICE, QUANTITY, DISCOUNT)  
VALUES (10346.0, 17.0, 31.2, 36.0, 0.1);

INSERT INTO ORDERDETAILS (ORDERID, PRODUCTID, UNITPRICE, QUANTITY, DISCOUNT)  
VALUES (10346.0, 56.0, 30.4, 20.0, 0.0);

INSERT INTO ORDERDETAILS (ORDERID, PRODUCTID, UNITPRICE, QUANTITY, DISCOUNT)  
VALUES (10347.0, 25.0, 11.2, 10.0, 0.0);

INSERT INTO ORDERDETAILS (ORDERID, PRODUCTID, UNITPRICE, QUANTITY, DISCOUNT)  
VALUES (10347.0, 39.0, 14.4, 50.0, 0.15);

INSERT INTO ORDERDETAILS (ORDERID, PRODUCTID, UNITPRICE, QUANTITY, DISCOUNT)  
VALUES (10347.0, 40.0, 14.7, 4.0, 0.0);

INSERT INTO ORDERDETAILS (ORDERID, PRODUCTID, UNITPRICE, QUANTITY, DISCOUNT)  
VALUES (10347.0, 75.0, 6.2, 6.0, 0.15);

INSERT INTO ORDERDETAILS (ORDERID, PRODUCTID, UNITPRICE, QUANTITY, DISCOUNT)  
VALUES (10348.0, 1.0, 14.4, 15.0, 0.15);

INSERT INTO ORDERDETAILS (ORDERID, PRODUCTID, UNITPRICE, QUANTITY, DISCOUNT)  
VALUES (10348.0, 23.0, 7.2, 25.0, 0.0);

INSERT INTO ORDERDETAILS (ORDERID, PRODUCTID, UNITPRICE, QUANTITY, DISCOUNT)  
VALUES (10349.0, 54.0, 5.9, 24.0, 0.0);

INSERT INTO ORDERDETAILS (ORDERID, PRODUCTID, UNITPRICE, QUANTITY, DISCOUNT)  
VALUES (10350.0, 50.0, 13.0, 15.0, 0.1);

INSERT INTO ORDERDETAILS (ORDERID, PRODUCTID, UNITPRICE, QUANTITY, DISCOUNT)  
VALUES (10350.0, 69.0, 28.8, 18.0, 0.1);

INSERT INTO ORDERDETAILS (ORDERID, PRODUCTID, UNITPRICE, QUANTITY, DISCOUNT)  
VALUES (10351.0, 38.0, 210.8, 20.0, 0.05);

INSERT INTO ORDERDETAILS (ORDERID, PRODUCTID, UNITPRICE, QUANTITY, DISCOUNT)  
VALUES (10351.0, 41.0, 7.7, 13.0, 0.0);

INSERT INTO ORDERDETAILS (ORDERID, PRODUCTID, UNITPRICE, QUANTITY, DISCOUNT)  
VALUES (10351.0, 44.0, 15.5, 77.0, 0.05);

INSERT INTO ORDERDETAILS (ORDERID, PRODUCTID, UNITPRICE, QUANTITY, DISCOUNT)  
VALUES (10351.0, 65.0, 16.8, 10.0, 0.05);

INSERT INTO ORDERDETAILS (ORDERID, PRODUCTID, UNITPRICE, QUANTITY, DISCOUNT)  
VALUES (10352.0, 24.0, 3.6, 10.0, 0.0);

INSERT INTO ORDERDETAILS (ORDERID, PRODUCTID, UNITPRICE, QUANTITY, DISCOUNT)  
VALUES (10352.0, 54.0, 5.9, 20.0, 0.15);

INSERT INTO ORDERDETAILS (ORDERID, PRODUCTID, UNITPRICE, QUANTITY, DISCOUNT)  
VALUES (10353.0, 11.0, 16.8, 12.0, 0.2);

INSERT INTO ORDERDETAILS (ORDERID, PRODUCTID, UNITPRICE, QUANTITY, DISCOUNT)  
VALUES (10353.0, 38.0, 210.8, 50.0, 0.2);

INSERT INTO ORDERDETAILS (ORDERID, PRODUCTID, UNITPRICE, QUANTITY, DISCOUNT)  
VALUES (10354.0, 1.0, 14.4, 12.0, 0.0);

INSERT INTO ORDERDETAILS (ORDERID, PRODUCTID, UNITPRICE, QUANTITY, DISCOUNT)  
VALUES (10354.0, 29.0, 99.0, 4.0, 0.0);

INSERT INTO ORDERDETAILS (ORDERID, PRODUCTID, UNITPRICE, QUANTITY, DISCOUNT)  
VALUES (10355.0, 24.0, 3.6, 25.0, 0.0);

INSERT INTO ORDERDETAILS (ORDERID, PRODUCTID, UNITPRICE, QUANTITY, DISCOUNT)  
VALUES (10355.0, 57.0, 15.6, 25.0, 0.0);

INSERT INTO ORDERDETAILS (ORDERID, PRODUCTID, UNITPRICE, QUANTITY, DISCOUNT)  
VALUES (10356.0, 31.0, 10.0, 30.0, 0.0);

INSERT INTO ORDERDETAILS (ORDERID, PRODUCTID, UNITPRICE, QUANTITY, DISCOUNT)  
VALUES (10356.0, 55.0, 19.2, 12.0, 0.0);

INSERT INTO ORDERDETAILS (ORDERID, PRODUCTID, UNITPRICE, QUANTITY, DISCOUNT)  
VALUES (10356.0, 69.0, 28.8, 20.0, 0.0);

INSERT INTO ORDERDETAILS (ORDERID, PRODUCTID, UNITPRICE, QUANTITY, DISCOUNT)  
VALUES (10357.0, 10.0, 24.8, 30.0, 0.2);

INSERT INTO ORDERDETAILS (ORDERID, PRODUCTID, UNITPRICE, QUANTITY, DISCOUNT)  
VALUES (10357.0, 26.0, 24.9, 16.0, 0.0);

INSERT INTO ORDERDETAILS (ORDERID, PRODUCTID, UNITPRICE, QUANTITY, DISCOUNT)  
VALUES (10357.0, 60.0, 27.2, 8.0, 0.2);

INSERT INTO ORDERDETAILS (ORDERID, PRODUCTID, UNITPRICE, QUANTITY, DISCOUNT)  
VALUES (10358.0, 24.0, 3.6, 10.0, 0.05);

INSERT INTO ORDERDETAILS (ORDERID, PRODUCTID, UNITPRICE, QUANTITY, DISCOUNT)  
VALUES (10358.0, 34.0, 11.2, 10.0, 0.05);

INSERT INTO ORDERDETAILS (ORDERID, PRODUCTID, UNITPRICE, QUANTITY, DISCOUNT)  
VALUES (10358.0, 36.0, 15.2, 20.0, 0.05);

INSERT INTO ORDERDETAILS (ORDERID, PRODUCTID, UNITPRICE, QUANTITY, DISCOUNT)  
VALUES (10359.0, 16.0, 13.9, 56.0, 0.05);

INSERT INTO ORDERDETAILS (ORDERID, PRODUCTID, UNITPRICE, QUANTITY, DISCOUNT)  
VALUES (10359.0, 31.0, 10.0, 70.0, 0.05);

INSERT INTO ORDERDETAILS (ORDERID, PRODUCTID, UNITPRICE, QUANTITY, DISCOUNT)  
VALUES (10359.0, 60.0, 27.2, 80.0, 0.05);

INSERT INTO ORDERDETAILS (ORDERID, PRODUCTID, UNITPRICE, QUANTITY, DISCOUNT)  
VALUES (10360.0, 28.0, 36.4, 30.0, 0.0);

INSERT INTO ORDERDETAILS (ORDERID, PRODUCTID, UNITPRICE, QUANTITY, DISCOUNT)  
VALUES (10360.0, 29.0, 99.0, 35.0, 0.0);

INSERT INTO ORDERDETAILS (ORDERID, PRODUCTID, UNITPRICE, QUANTITY, DISCOUNT)  
VALUES (10360.0, 38.0, 210.8, 10.0, 0.0);

INSERT INTO ORDERDETAILS (ORDERID, PRODUCTID, UNITPRICE, QUANTITY, DISCOUNT)  
VALUES (10360.0, 49.0, 16.0, 35.0, 0.0);

INSERT INTO ORDERDETAILS (ORDERID, PRODUCTID, UNITPRICE, QUANTITY, DISCOUNT)  
VALUES (10360.0, 54.0, 5.9, 28.0, 0.0);

INSERT INTO ORDERDETAILS (ORDERID, PRODUCTID, UNITPRICE, QUANTITY, DISCOUNT)  
VALUES (10361.0, 39.0, 14.4, 54.0, 0.1);

INSERT INTO ORDERDETAILS (ORDERID, PRODUCTID, UNITPRICE, QUANTITY, DISCOUNT)  
VALUES (10361.0, 60.0, 27.2, 55.0, 0.1);

INSERT INTO ORDERDETAILS (ORDERID, PRODUCTID, UNITPRICE, QUANTITY, DISCOUNT)  
VALUES (10362.0, 25.0, 11.2, 50.0, 0.0);

INSERT INTO ORDERDETAILS (ORDERID, PRODUCTID, UNITPRICE, QUANTITY, DISCOUNT)  
VALUES (10362.0, 51.0, 42.4, 20.0, 0.0);

INSERT INTO ORDERDETAILS (ORDERID, PRODUCTID, UNITPRICE, QUANTITY, DISCOUNT)  
VALUES (10362.0, 54.0, 5.9, 24.0, 0.0);

INSERT INTO ORDERDETAILS (ORDERID, PRODUCTID, UNITPRICE, QUANTITY, DISCOUNT)  
VALUES (10363.0, 31.0, 10.0, 20.0, 0.0);

INSERT INTO ORDERDETAILS (ORDERID, PRODUCTID, UNITPRICE, QUANTITY, DISCOUNT)  
VALUES (10363.0, 75.0, 6.2, 12.0, 0.0);

INSERT INTO ORDERDETAILS (ORDERID, PRODUCTID, UNITPRICE, QUANTITY, DISCOUNT)  
VALUES (10363.0, 76.0, 14.4, 12.0, 0.0);

INSERT INTO ORDERDETAILS (ORDERID, PRODUCTID, UNITPRICE, QUANTITY, DISCOUNT)  
VALUES (10364.0, 69.0, 28.8, 30.0, 0.0);

INSERT INTO ORDERDETAILS (ORDERID, PRODUCTID, UNITPRICE, QUANTITY, DISCOUNT)  
VALUES (10364.0, 71.0, 17.2, 5.0, 0.0);

INSERT INTO ORDERDETAILS (ORDERID, PRODUCTID, UNITPRICE, QUANTITY, DISCOUNT)  
VALUES (10365.0, 11.0, 16.8, 24.0, 0.0);

INSERT INTO ORDERDETAILS (ORDERID, PRODUCTID, UNITPRICE, QUANTITY, DISCOUNT)  
VALUES (10366.0, 65.0, 16.8, 5.0, 0.0);

INSERT INTO ORDERDETAILS (ORDERID, PRODUCTID, UNITPRICE, QUANTITY, DISCOUNT)  
VALUES (10366.0, 77.0, 10.4, 5.0, 0.0);

INSERT INTO ORDERDETAILS (ORDERID, PRODUCTID, UNITPRICE, QUANTITY, DISCOUNT)  
VALUES (10367.0, 34.0, 11.2, 36.0, 0.0);

INSERT INTO ORDERDETAILS (ORDERID, PRODUCTID, UNITPRICE, QUANTITY, DISCOUNT)  
VALUES (10367.0, 54.0, 5.9, 18.0, 0.0);

INSERT INTO ORDERDETAILS (ORDERID, PRODUCTID, UNITPRICE, QUANTITY, DISCOUNT)  
VALUES (10367.0, 65.0, 16.8, 15.0, 0.0);

INSERT INTO ORDERDETAILS (ORDERID, PRODUCTID, UNITPRICE, QUANTITY, DISCOUNT)  
VALUES (10367.0, 77.0, 10.4, 7.0, 0.0);

INSERT INTO ORDERDETAILS (ORDERID, PRODUCTID, UNITPRICE, QUANTITY, DISCOUNT)  
VALUES (10368.0, 21.0, 8.0, 5.0, 0.1);

INSERT INTO ORDERDETAILS (ORDERID, PRODUCTID, UNITPRICE, QUANTITY, DISCOUNT)  
VALUES (10368.0, 28.0, 36.4, 13.0, 0.1);

INSERT INTO ORDERDETAILS (ORDERID, PRODUCTID, UNITPRICE, QUANTITY, DISCOUNT)  
VALUES (10368.0, 57.0, 15.6, 25.0, 0.0);

INSERT INTO ORDERDETAILS (ORDERID, PRODUCTID, UNITPRICE, QUANTITY, DISCOUNT)  
VALUES (10368.0, 64.0, 26.6, 35.0, 0.1);

INSERT INTO ORDERDETAILS (ORDERID, PRODUCTID, UNITPRICE, QUANTITY, DISCOUNT)  
VALUES (10369.0, 29.0, 99.0, 20.0, 0.0);

INSERT INTO ORDERDETAILS (ORDERID, PRODUCTID, UNITPRICE, QUANTITY, DISCOUNT)  
VALUES (10369.0, 56.0, 30.4, 18.0, 0.25);

INSERT INTO ORDERDETAILS (ORDERID, PRODUCTID, UNITPRICE, QUANTITY, DISCOUNT)  
VALUES (10370.0, 1.0, 14.4, 15.0, 0.15);

INSERT INTO ORDERDETAILS (ORDERID, PRODUCTID, UNITPRICE, QUANTITY, DISCOUNT)  
VALUES (10370.0, 64.0, 26.6, 30.0, 0.0);

INSERT INTO ORDERDETAILS (ORDERID, PRODUCTID, UNITPRICE, QUANTITY, DISCOUNT)  
VALUES (10370.0, 74.0, 8.0, 20.0, 0.15);

INSERT INTO ORDERDETAILS (ORDERID, PRODUCTID, UNITPRICE, QUANTITY, DISCOUNT)  
VALUES (10371.0, 36.0, 15.2, 6.0, 0.2);

INSERT INTO ORDERDETAILS (ORDERID, PRODUCTID, UNITPRICE, QUANTITY, DISCOUNT)  
VALUES (10372.0, 20.0, 64.8, 12.0, 0.25);

INSERT INTO ORDERDETAILS (ORDERID, PRODUCTID, UNITPRICE, QUANTITY, DISCOUNT)  
VALUES (10372.0, 38.0, 210.8, 40.0, 0.25);

INSERT INTO ORDERDETAILS (ORDERID, PRODUCTID, UNITPRICE, QUANTITY, DISCOUNT)  
VALUES (10372.0, 60.0, 27.2, 70.0, 0.25);

INSERT INTO ORDERDETAILS (ORDERID, PRODUCTID, UNITPRICE, QUANTITY, DISCOUNT)  
VALUES (10372.0, 72.0, 27.8, 42.0, 0.25);

INSERT INTO ORDERDETAILS (ORDERID, PRODUCTID, UNITPRICE, QUANTITY, DISCOUNT)  
VALUES (10373.0, 58.0, 10.6, 80.0, 0.2);

INSERT INTO ORDERDETAILS (ORDERID, PRODUCTID, UNITPRICE, QUANTITY, DISCOUNT)  
VALUES (10373.0, 71.0, 17.2, 50.0, 0.2);

INSERT INTO ORDERDETAILS (ORDERID, PRODUCTID, UNITPRICE, QUANTITY, DISCOUNT)  
VALUES (10374.0, 31.0, 10.0, 30.0, 0.0);

INSERT INTO ORDERDETAILS (ORDERID, PRODUCTID, UNITPRICE, QUANTITY, DISCOUNT)  
VALUES (10374.0, 58.0, 10.6, 15.0, 0.0);

INSERT INTO ORDERDETAILS (ORDERID, PRODUCTID, UNITPRICE, QUANTITY, DISCOUNT)  
VALUES (10375.0, 14.0, 18.6, 15.0, 0.0);

INSERT INTO ORDERDETAILS (ORDERID, PRODUCTID, UNITPRICE, QUANTITY, DISCOUNT)  
VALUES (10375.0, 54.0, 5.9, 10.0, 0.0);

SELECT 'Customers' AS "Your name's tables", COUNT(*) AS "Row Count" FROM customers UNION
SELECT 'Employees', COUNT(*) FROM employees UNION
SELECT 'Shippers', COUNT(*) FROM shippers UNION
SELECT 'Suppliers', COUNT(*) FROM suppliers UNION
SELECT 'Categories', COUNT(*) FROM categories UNION  
SELECT 'Orders', COUNT(*) FROM orders UNION
SELECT 'Products', COUNT(*) FROM products UNION
SELECT 'Order Details', COUNT(*) FROM orderdetails
ORDER BY 2 DESC


